"3","453","4","Jami","5","Wynes","22","jwynesck@people.com.cn","7","Finland"
"3","454","4","Sela","7","McCarty","25","smccartycl@prnewswire.com","5","China"
"3","455","9","Krystalle","7","Gleader","22","kgleadercm@dedecms.com","7","Ukraine"
"3","456","6","Corrie","9","Shenfisch","23","cshenfischcn@nature.com","5","China"
"3","457","5","Gavin","5","Alder","21","galderco@yolasite.com","5","Chile"
"3","458","4","Fern","5","Kegan","20","fkegancp@addthis.com","5","China"
"3","459","8","Phillipe","13","Schwandermann","30","pschwandermanncq@posterous.com","5","Japan"
"3","460","6","Brooke","8","Molineux","20","bmolineuxcr@cnbc.com","8","Malaysia"
"3","461","8","Rosalynd","5","Denne","18","rdennecs@intel.com","14","Czech Republic"
"3","462","6","Almira","11","Kitchingman","25","akitchingmanct@boston.com","7","Morocco"
"3","463","6","Danica","4","Nice","17","dnicecu@ocn.ne.jp","11","Netherlands"
"3","464","6","Rutger","7","Paddick","20","rpaddickcv@slate.com","6","France"
"3","465","5","Dotty","7","Harnott","20","dharnottcw@weibo.com","8","Tanzania"
"3","466","5","Fiann","9","Kingescot","28","fkingescotcx@tripadvisor.com","6","Brazil"
"3","467","6","Phoebe","7","Yantsev","30","pyantsevcy@creativecommons.org","5","China"
"3","468","7","Angelia","6","Whales","21","awhalescz@yahoo.co.jp","9","Indonesia"
"3","469","6","Worthy","6","Smalls","26","wsmallsd0@seattletimes.com","6","Sweden"
"3","470","8","Ealasaid","7","Rikkard","26","erikkardd1@telegraph.co.uk","21","Republic of the Congo"
"3","471","5","Sally","5","Downs","23","sdownsd2@yellowbook.com","6","Russia"
"3","472","4","Gill","5","Yvens","31","gyvensd3@networkadvertising.org","6","Brazil"
"3","473","4","Kary","9","Concannon","25","kconcannond4@addtoany.com","9","Venezuela"
"3","474","6","Dyanne","7","Keysall","21","dkeysalld5@cpanel.net","6","Russia"
"3","475","5","Abbie","8","Radbourn","24","aradbournd6@marriott.com","4","Peru"
"3","476","8","Clerissa","8","Keoghane","20","ckeoghaned7@1688.com","9","Indonesia"
"3","477","4","Lynn","4","Card","16","lcardd8@usda.gov","9","Guatemala"
"3","478","4","Haze","7","Muscott","27","hmuscottd9@biblegateway.com","6","Serbia"
"3","479","6","Frasco","6","Syplus","19","fsyplusda@cisco.com","6","France"
"3","480","6","Dniren","6","Toplis","23","dtoplisdb@homestead.com","9","Indonesia"
"3","481","6","Andrea","7","Gummory","20","agummorydc@unblog.fr","6","Gambia"
"3","482","5","Julio","8","Brewster","23","jbrewsterdd@archive.org","5","China"
"3","483","6","Demott","7","Allgood","20","dallgoodde@apple.com","5","China"
"3","484","6","Sherry","10","Pitkeathly","28","spitkeathlydf@wikispaces.com","6","Sweden"
"3","485","9","Marchelle","7","Cattach","25","mcattachdg@craigslist.org","10","Kazakhstan"
"3","486","6","Albina","7","Koeppke","23","akoeppkedh@engadget.com","5","China"
"3","487","8","Karlotte","6","Creser","24","kcreserdi@whitehouse.gov","6","Mexico"
"3","488","9","Kristofor","6","Crepel","16","kcrepeldj@va.gov","8","Colombia"
"3","489","5","Myrta","9","O'Murtagh","20","momurtaghdk@xrea.com","6","Greece"
"3","490","8","Jeremias","7","Blabber","27","jblabberdl@miitbeian.gov.cn","5","China"
"3","491","7","Brockie","8","Vertigan","26","bvertigandm@deviantart.com","5","China"
"3","492","3","Fae","10","Rodenborch","24","frodenborchdn@scribd.com","5","China"
"3","493","3","Sam","5","Toyne","21","stoynedo@marriott.com","6","Russia"
"3","494","5","Rycca","9","Kingswood","23","rkingswooddp@scribd.com","5","China"
"3","495","5","Conny","6","Norrey","21","cnorreydq@harvard.edu","6","Russia"
"3","496","6","Berrie","6","Demelt","20","bdemeltdr@meetup.com","11","Philippines"
"3","497","7","Beatriz","8","Spackman","25","bspackmands@123-reg.co.uk","5","China"
"3","498","5","Daryn","8","Greenman","18","dgreenmandt@i2i.jp","5","China"
"3","499","6","Agnola","9","Callister","30","acallisterdu@ezinearticles.com","9","Indonesia"
"3","500","7","Harriot","11","Chippindall","26","hchippindalldv@nbcnews.com","6","Brazil"
"3","501","7","Emelita","6","Moxley","32","emoxleydw@networkadvertising.org","10","Montenegro"
"3","502","5","Maddy","7","Accombe","24","maccombedx@wordpress.com","8","Portugal"
"3","503","4","Ethe","5","Punch","22","epunchdy@goodreads.com","6","Brazil"
"3","504","6","Briggs","8","Gatherer","26","bgathererdz@mayoclinic.com","6","Russia"
"3","505","5","Nanni","7","Renehan","21","nrenehane0@taobao.com","5","China"
"3","506","5","Camel","9","Gilfether","23","cgilfethere1@oracle.com","6","Poland"
"3","507","7","Mariana","6","Bergin","17","mbergine2@ihg.com","6","Russia"
"3","508","4","Shaw","5","Eadie","19","seadiee3@forbes.com","5","Sudan"
"3","509","5","Lyman","5","Meins","22","lmeinse4@rakuten.co.jp","11","South Korea"
"3","510","5","Tobey","6","Panner","17","tpannere5@nih.gov","5","China"
"3","511","6","Thalia","6","Patton","26","tpattone6@odnoklassniki.ru","6","Russia"
"3","512","6","Dorise","10","O'Gormally","24","dogormallye7@walmart.com","5","China"
"3","513","7","Joellyn","5","Coche","16","jcochee8@ovh.net","6","Sweden"
"3","514","3","Row","6","Treble","22","rtreblee9@engadget.com","8","Tanzania"
"3","515","4","Augy","8","Ferronet","27","aferronetea@nydailynews.com","6","Russia"
"3","516","7","Homerus","12","Scantleberry","24","hscantleberryeb@cnbc.com","9","Indonesia"
"3","517","6","Marjie","6","Finnis","20","mfinnisec@abc.net.au","7","Lebanon"
"3","518","8","Jonathan","6","Spaven","18","jspavened@sohu.com","6","Greece"
"3","519","4","Illa","9","Skeldinge","21","iskeldingeee@time.com","6","Angola"
"3","520","7","Evelina","10","Montgomery","29","emontgomeryef@cyberchimps.com","5","China"
"3","521","5","Della","8","Sambidge","26","dsambidgeeg@shutterfly.com","4","Peru"
"3","522","9","Heriberto","6","Arlott","25","harlotteh@telegraph.co.uk","6","France"
"3","523","7","Opalina","8","McDarmid","26","omcdarmidei@whitehouse.gov","9","Indonesia"
"3","524","6","Morgen","6","Dalmon","17","mdalmonej@ovh.net","5","China"
"3","525","6","Deedee","7","Chainey","27","dchaineyek@miitbeian.gov.cn","5","China"
"3","526","7","Latrena","7","Machans","20","lmachansel@intel.com","9","Guatemala"
"3","527","9","Henriette","4","Calf","20","hcalfem@bluehost.com","9","Indonesia"
"3","528","6","Margit","5","Ghest","19","mghesten@elpais.com","10","East Timor"
"3","529","5","Midge","6","Fayers","21","mfayerseo@storify.com","11","Philippines"
"3","530","6","Wilmer","4","Wenn","15","wwennep@fc2.com","8","Suriname"
"3","531","8","Terrence","7","Simmons","27","tsimmonseq@businesswire.com","9","Indonesia"
"3","532","6","Lauren","7","Burgher","19","lburgherer@sohu.com","11","Philippines"
"3","533","5","Nanci","7","Caswall","22","ncaswalles@yahoo.co.jp","8","Portugal"
"3","534","7","Marilin","10","Southerton","27","msouthertonet@clickbank.net","6","Russia"
"3","535","5","Baron","9","Fitzhenry","28","bfitzhenryeu@accuweather.com","5","China"
"3","536","7","Riannon","6","Crolly","23","rcrollyev@canalblog.com","6","Russia"
"3","537","3","Mac","5","Bowne","25","mbowneew@reverbnation.com","6","Canada"
"3","538","6","Thalia","5","Viant","15","tviantex@w3.org","5","Japan"
"3","539","6","Giffie","7","Bidgood","29","gbidgoodey@chicagotribune.com","6","Serbia"
"3","540","5","Hinze","5","Degan","31","hdeganez@scientificamerican.com","5","China"
"3","541","7","Carilyn","6","Heinel","23","cheinelf0@earthlink.net","9","Indonesia"
"3","542","7","Clarine","7","Stockoe","23","cstockoef1@addtoany.com","11","Philippines"
"3","543","4","Kacy","7","Madrell","24","kmadrellf2@reference.com","8","Thailand"
"3","544","7","Beverie","6","Asplin","21","basplinf3@yahoo.co.jp","5","China"
"3","545","7","Joaquin","9","Tolomelli","26","jtolomellif4@princeton.edu","7","Croatia"
"3","546","6","Tomaso","6","Esseby","17","tessebyf5@last.fm","7","Ukraine"
"3","547","5","Sally","9","Lummasana","23","slummasanaf6@boston.com","7","Comoros"
"3","548","3","Car","5","Janew","18","cjanewf7@naver.com","14","Czech Republic"
"3","549","5","Betty","6","Fowlie","19","bfowlief8@globo.com","6","Sweden"
"3","550","6","Brooks","7","Woosnam","19","bwoosnamf9@ucla.edu","6","France"
"3","551","6","Yehudi","8","Edington","19","yedingtonfa@163.com","7","Vietnam"
"3","552","4","Lora","8","Rizzardo","18","lrizzardofb@goo.gl","5","Nepal"
"3","553","6","Mahmud","8","Pennazzi","16","mpennazzifc@g.co","11","Philippines"
"3","554","5","Beryl","7","Cuddehy","25","bcuddehyfd@infoseek.co.jp","7","Nigeria"
"3","555","6","Brigid","7","Redmain","26","bredmainfe@tripadvisor.com","8","Paraguay"
"3","556","3","Zeb","8","Layfield","17","zlayfieldff@is.gd","8","Malaysia"
"3","557","6","Wendye","9","O'Donnell","25","wodonnellfg@earthlink.net","6","Russia"
"3","558","6","Chelsy","6","Harris","23","charrisfh@bloomberg.com","8","Portugal"
"3","559","9","Alexander","5","Albin","24","aalbinfi@miibeian.gov.cn","9","Indonesia"
"3","560","5","Sukey","7","Tiplady","20","stipladyfj@apple.com","5","China"
"3","561","6","Tyrone","4","Boij","20","tboijfk@netscape.com","6","Sweden"
"3","562","5","Carce","7","Salomon","22","csalomonfl@archive.org","5","China"
"3","563","4","Asia","6","Zealey","19","azealeyfm@adobe.com","10","Martinique"
"3","564","8","Griswold","6","Billin","25","gbillinfn@miibeian.gov.cn","5","China"
"1","1","5","Pippo","5","Gurys","19","pgurys0@yahoo.co.jp","6","Poland"
"1","2","8","Courtney","10","Bertenshaw","20","cbertenshaw1@nyu.edu","11","Philippines"
"1","3","6","Sheree","7","Gisburn","17","sgisburn2@tiny.cc","7","Germany"
"1","4","5","Talia","5","Cryer","18","tcryer3@dion.ne.jp","5","China"
"1","5","8","Reynolds","5","Sheaf","23","rsheaf4@liveinternet.ru","6","Canada"
"1","6","6","Stefan","6","Ditzel","19","sditzel5@scribd.com","9","Indonesia"
"1","7","9","Betteanne","6","Netley","18","bnetley6@tmall.com","6","Poland"
"1","8","5","Tanny","9","Trevaskus","21","ttrevaskus7@google.nl","5","China"
"1","9","7","Cynthie","8","Barttrum","19","cbarttrum8@fema.gov","4","Peru"
"2","10","8","Adolphus","5","Agott","21","aagott9@bloglines.com","6","Russia"
"2","11","7","Rosette","6","Risbie","27","rrisbiea@huffingtonpost.com","6","Russia"
"2","12","3","Ari","6","Genese","24","ageneseb@yellowpages.com","5","Japan"
"2","13","6","Lutero","4","Wabb","17","lwabbc@zimbio.com","7","Finland"
"2","14","7","Dunstan","8","Hawarden","21","dhawardend@nature.com","6","Brazil"
"2","15","8","Carleton","8","Gronauer","24","cgronauere@tuttocitta.it","13","United States"
"2","16","6","Elijah","7","Bricham","18","ebrichamf@about.me","5","China"
"2","17","6","Neille","7","Collyer","25","ncollyerg@theatlantic.com","8","Ethiopia"
"2","18","3","Mel","8","Marushak","22","mmarushakh@foxnews.com","7","Estonia"
"2","19","6","Gilles","6","Crabbe","24","gcrabbei@sourceforge.net","9","Indonesia"
"2","20","5","Neils","4","Mewe","17","nmewej@discuz.net","5","China"
"2","21","4","Whit","7","Melmore","19","wmelmorek@hexun.com","5","China"
"2","22","7","Kandace","11","Castelletto","27","kcastellettol@imageshack.us","9","Indonesia"
"2","23","5","Nanon","6","Broxis","24","nbroxism@nydailynews.com","9","Indonesia"
"2","24","8","Zaccaria","6","Wintle","18","zwintlen@google.es","13","United States"
"2","25","6","Gasper","5","Nadin","19","gnadino@dedecms.com","5","China"
"2","26","5","Linet","4","Elvy","16","lelvyp@alexa.com","6","Russia"
"2","27","5","Elfie","10","Willoughby","26","ewilloughbyq@microsoft.com","9","Indonesia"
"2","28","5","Emmit","4","Roby","19","erobyr@facebook.com","6","Brazil"
"2","29","7","Forrest","6","Gellan","20","fgellans@samsung.com","5","China"
"2","30","9","Delphinia","9","Robillart","24","drobillartt@stanford.edu","6","Poland"
"2","31","5","Deena","9","MacGiffin","27","dmacgiffinu@paginegialle.it","6","Sweden"
"2","32","6","Carlee","6","Drover","16","cdroverv@mtv.com","6","Sweden"
"2","33","6","Dannie","7","Wilford","23","dwilfordw@wordpress.org","9","Indonesia"
"2","34","6","Charyl","7","Brabham","19","cbrabhamx@google.es","11","Philippines"
"2","35","8","Ursuline","11","Reisenstein","27","ureisensteiny@earthlink.net","11","Philippines"
"2","36","6","Gwenni","6","Kumaar","20","gkumaarz@mozilla.org","11","New Zealand"
"2","37","5","Matty","12","Pittendreigh","23","mpittendreigh10@ihg.com","6","Russia"
"2","38","5","Onfre","5","Albin","15","oalbin11@w3.org","9","Argentina"
"2","39","5","Rheta","7","Pavlata","26","rpavlata12@accuweather.com","6","Russia"
"2","40","6","Tammie","7","Elleray","24","telleray13@artisteer.com","7","Ukraine"
"2","41","4","Adey","8","Fassmann","20","afassmann14@dmoz.org","5","Japan"
"2","42","6","Marven","5","Edens","18","medens15@google.cn","5","China"
"2","43","6","Iorgos","6","Marini","22","imarini16@springer.com","6","Russia"
"2","44","6","Taddeo","6","Luggar","19","tluggar17@opera.com","11","Philippines"
"2","45","5","Adler","8","Le Fevre","24","alefevre18@earthlink.net","5","China"
"2","46","6","Gordon","7","Gudgeon","24","ggudgeon19@blinklist.com","6","Israel"
"2","47","6","Marris","9","Dumbleton","20","mdumbleton1a@usa.gov","8","Zimbabwe"
"2","48","5","Paige","6","Melton","25","pmelton1b@theguardian.com","7","Armenia"
"2","49","7","Lammond","5","Ollis","16","lollis1c@hhs.gov","6","Russia"
"2","50","8","Merralee","8","Gianotti","25","mgianotti1d@webeden.co.uk","9","Indonesia"
"2","51","7","Gustavo","9","Medlicott","27","gmedlicott1e@craigslist.org","8","Colombia"
"2","52","5","Shela","6","Scamal","19","sscamal1f@youku.com","9","Indonesia"
"2","53","6","Averyl","11","MacTrustrie","27","amactrustrie1g@facebook.com","6","Brazil"
"2","54","8","Madalena","8","Graddell","24","mgraddell1h@engadget.com","7","Ukraine"
"2","55","6","Dmitri","4","Faye","20","dfaye1i@virginia.edu","5","China"
"2","56","4","Rabi","6","Blasik","21","rblasik1j@smugmug.com","6","Brazil"
"2","57","7","Durward","11","Tewkesberry","30","dtewkesberry1k@yellowpages.com","10","Costa Rica"
"2","58","6","Robert","10","Birtonshaw","28","rbirtonshaw1l@macromedia.com","5","China"
"2","59","5","Andee","7","Newrick","18","anewrick1m@mit.edu","5","China"
"2","60","5","Tymon","9","Vanyarkin","27","tvanyarkin1n@prnewswire.com","5","China"
"2","61","6","Nickey","6","Bellam","24","nbellam1o@vistaprint.com","5","China"
"2","62","7","Ceciley","5","Maddy","27","cmaddy1p@simplemachines.org","9","Argentina"
"2","63","10","Constantia","6","Romney","23","cromney1q@microsoft.com","9","Indonesia"
"2","64","4","Erny","11","Margerrison","25","emargerrison1r@reddit.com","13","United States"
"2","65","5","Howie","8","Vigietti","21","hvigietti1s@salon.com","9","Indonesia"
"2","66","6","Giffie","6","Hurler","24","ghurler1t@craigslist.org","6","Russia"
"2","67","6","Delora","6","Twigge","21","dtwigge1u@myspace.com","7","Ireland"
"2","68","5","Haley","7","Szwandt","22","hszwandt1v@4shared.com","6","Norway"
"2","69","5","Tucky","8","Conibeer","19","tconibeer1w@msu.edu","11","Philippines"
"2","70","7","Domingo","5","Beese","16","dbeese1x@fda.gov","5","China"
"2","71","5","Lemar","6","Balwin","19","lbalwin1y@weibo.com","5","Egypt"
"2","72","5","Lewes","6","Gueste","27","lgueste1z@ezinearticles.com","7","Tunisia"
"2","73","5","Windy","9","Slaughter","23","wslaughter20@utexas.edu","7","Georgia"
"2","74","6","Mahmud","5","Kinny","24","mkinny21@arstechnica.com","7","Myanmar"
"2","75","4","Suki","6","Kilner","22","skilner22@blogspot.com","5","China"
"2","76","7","Xaviera","4","Rait","21","xrait23@geocities.com","6","Russia"
"2","77","8","Melicent","8","O'Kieran","23","mokieran24@gravatar.com","7","Vietnam"
"2","78","6","Amabel","9","Linkleter","22","alinkleter25@about.com","11","North Korea"
"2","79","7","Nikolos","5","Naire","23","nnaire26@cloudflare.com","7","Germany"
"2","80","6","Mychal","6","Slavin","20","mslavin27@rediff.com","5","China"
"2","81","5","Jandy","7","Thwaite","24","jthwaite28@hostgator.com","11","Philippines"
"2","82","3","Jon","7","Thurley","15","jthurley29@g.co","5","Japan"
"2","83","5","Noach","5","Yeell","19","nyeell2a@flickr.com","11","New Zealand"
"2","84","3","Vin","11","McClaughlin","24","vmcclaughlin2b@wufoo.com","6","France"
"2","85","8","Dominick","8","Layfield","19","dlayfield2c@hhs.gov","9","Indonesia"
"2","86","5","Darin","8","Whittier","28","dwhittier2d@domainmarket.com","6","Russia"
"2","87","8","Cinnamon","6","Heigho","20","cheigho2e@rambler.ru","9","Indonesia"
"2","88","5","Sloan","8","Du Barry","20","sdubarry2f@state.gov","14","Czech Republic"
"2","89","6","Channa","6","Eronie","17","ceronie2g@hud.gov","9","Mauritius"
"2","90","7","Chancey","10","Le Provost","30","cleprovost2h@independent.co.uk","8","Honduras"
"2","91","4","Ewen","9","Streatley","33","estreatley2i@pagesperso-orange.fr","8","Portugal"
"2","92","7","Geordie","7","Krystof","18","gkrystof2j@icio.us","6","France"
"2","93","8","Ruggiero","7","Haydock","23","rhaydock2k@japanpost.jp","6","Sweden"
"2","94","6","Carole","7","Inglish","21","cinglish2l@abc.net.au","5","China"
"2","95","6","Pavlov","6","Barzen","29","pbarzen2m@theglobeandmail.com","6","Russia"
"2","96","7","Renelle","6","Sholem","27","rsholem2n@howstuffworks.com","6","Sweden"
"2","97","3","Fan","7","Gashion","28","fgashion2o@independent.co.uk","8","Pakistan"
"2","98","4","Earl","5","Exall","17","eexall2p@cnet.com","8","Portugal"
"2","99","6","Sammie","6","Attrey","21","sattrey2q@answers.com","5","Syria"
"3","100","5","Arvin","7","Cantero","29","acantero2r@barnesandnoble.com","5","China"
"3","101","5","Randa","4","Deer","20","rdeer2s@marriott.com","5","China"
"3","102","8","Rachelle","7","Dickman","22","rdickman2t@cbsnews.com","5","China"
"3","103","5","Titos","8","Fletcher","22","tfletcher2u@cpanel.net","9","Indonesia"
"3","104","8","Ruggiero","10","Brimicombe","26","rbrimicombe2v@multiply.com","5","China"
"3","105","5","Ethel","7","Kiossel","21","ekiossel2w@hao123.com","12","South Africa"
"3","106","5","Marci","7","Marusik","20","mmarusik2x@google.ca","9","Indonesia"
"3","107","7","Chloris","5","Flook","19","cflook2y@tumblr.com","5","China"
"3","108","5","Holly","6","Webben","23","hwebben2z@angelfire.com","11","Philippines"
"3","109","5","Cello","8","Capehorn","21","ccapehorn30@europa.eu","13","United States"
"3","110","6","Cecile","7","Buckell","29","cbuckell31@washingtonpost.com","6","Russia"
"3","111","6","Farley","7","Sebring","20","fsebring32@blogs.com","10","Cape Verde"
"3","112","8","Teresina","6","Livens","23","tlivens33@clickbank.net","7","Tunisia"
"3","113","6","Audrye","7","Cornier","20","acornier34@vimeo.com","7","Bolivia"
"3","114","8","Giordano","9","Shimmings","22","gshimmings35@ameblo.jp","8","Portugal"
"3","115","7","Noellyn","7","Sponder","28","nsponder36@timesonline.co.uk","9","Indonesia"
"3","116","7","Hasheem","8","Hardeman","19","hhardeman37@aol.com","8","Thailand"
"3","117","7","Hermine","7","Swigger","20","hswigger38@google.pl","5","China"
"3","118","6","Dewain","8","Gainfort","21","dgainfort39@state.gov","9","Guatemala"
"3","119","7","Fairlie","7","Denidge","18","fdenidge3a@mtv.com","6","Russia"
"3","120","7","Martina","8","Pawellek","23","mpawellek3b@4shared.com","11","Philippines"
"3","121","8","Charissa","6","Lamdin","23","clamdin3c@mediafire.com","5","Yemen"
"3","122","5","Tedda","7","Panketh","21","tpanketh3d@cdbaby.com","6","Greece"
"3","123","7","Padraig","8","McCreery","23","pmccreery3e@4shared.com","10","Uzbekistan"
"3","124","3","Sam","8","Brickett","24","sbrickett3f@japanpost.jp","8","Bulgaria"
"3","125","6","Smitty","5","Kempe","19","skempe3g@ebay.co.uk","7","Ukraine"
"3","126","4","Lida","8","Swafield","22","lswafield3h@toplist.cz","5","China"
"3","127","4","Deni","6","Kellog","22","dkellog3i@multiply.com","8","Malaysia"
"3","128","4","Clio","7","ScROWby","19","cscROWby3j@army.mil","11","Philippines"
"3","129","6","Rivkah","6","Norker","20","rnorker3k@discuz.net","7","Vietnam"
"3","130","7","Hoebart","9","Elesander","23","helesander3l@unesco.org","14","Czech Republic"
"3","131","5","Noell","9","Barnsdale","22","nbarnsdale3m@upenn.edu","6","Brazil"
"3","132","5","Bucky","10","Scaplehorn","25","bscaplehorn3n@behance.net","9","Indonesia"
"3","133","8","Carrissa","8","Kleewein","18","ckleewein3o@wp.com","6","Canada"
"3","134","6","Derrek","8","O'Cooney","20","docooney3p@ameblo.jp","5","China"
"3","135","5","Erika","6","Phipps","26","ephipps3q@domainmarket.com","5","Chile"
"3","136","6","Casper","6","Lendon","17","clendon3r@npr.org","11","Philippines"
"3","137","4","Evyn","10","Barnewelle","21","ebarnewelle3s@mail.ru","9","Indonesia"
"3","138","7","Antoine","7","Duxbury","19","aduxbury3t@ucsd.edu","5","China"
"3","139","6","Deedee","6","Eassom","21","deassom3u@latimes.com","5","Japan"
"3","140","5","Emlyn","9","Aronowitz","27","earonowitz3v@vistaprint.com","6","France"
"3","141","7","Kikelia","7","Doerren","21","kdoerren3w@ebay.co.uk","8","Colombia"
"3","142","6","Deanna","10","Delaprelle","18","ddelaprelle3x@t.co","5","China"
"3","143","6","Nancee","6","Coytes","17","ncoytes3y@msn.com","6","Russia"
"3","144","4","Ilse","7","Mateiko","18","imateiko3z@hhs.gov","8","Portugal"
"3","145","5","Ringo","4","Izod","21","rizod40@imageshack.us","5","China"
"3","146","7","Bartram","6","Angeau","17","bangeau41@ted.com","6","Brazil"
"3","147","6","Quinta","7","Pranger","23","qpranger42@springer.com","8","Colombia"
"3","148","4","Jori","5","Losel","16","jlosel43@mtv.com","6","Greece"
"3","149","5","Roana","6","Whisby","18","rwhisby44@admin.ch","14","Czech Republic"
"3","150","6","Jaymie","7","Lockery","25","jlockery45@friendfeed.com","6","Russia"
"3","151","4","Dian","9","McMenamie","22","dmcmenamie46@wired.com","5","China"
"3","152","7","Toiboid","7","Redwall","24","tredwall47@shinystat.com","6","Russia"
"3","153","6","Camala","8","Draycott","21","cdraycott48@tmall.com","11","Saint Lucia"
"3","154","6","Trever","7","Kwietek","25","tkwietek49@techcrunch.com","9","Indonesia"
"3","155","6","Amelia","6","Briand","20","abriand4a@reddit.com","5","China"
"3","156","8","Patrizio","9","Hazeltine","26","phazeltine4b@rakuten.co.jp","5","China"
"3","157","9","Katharine","6","Bolduc","23","kbolduc4c@newyorker.com","5","China"
"3","158","6","Kailey","5","Ather","19","kather4d@cpanel.net","5","Japan"
"3","159","4","Fina","7","Prangle","22","fprangle4e@alibaba.com","5","China"
"3","160","7","Eleanor","6","Hynson","25","ehynson4f@photobucket.com","6","France"
"3","161","7","Rancell","7","Sushams","21","rsushams4g@rambler.ru","6","Norway"
"3","162","6","Corina","4","Gero","18","cgero4h@nature.com","5","China"
"3","163","6","Lorrin","6","Fulmen","17","lfulmen4i@home.pl","9","Indonesia"
"3","164","7","Matilda","4","Bome","16","mbome4j@ox.ac.uk","12","Saudi Arabia"
"3","165","6","Rozele","8","Dummigan","21","rdummigan4k@tmall.com","14","Czech Republic"
"3","166","9","Katharine","7","Pinchen","20","kpinchen4l@ocn.ne.jp","9","Indonesia"
"3","167","8","Langston","8","O'Hannay","25","lohannay4m@opensource.org","11","Philippines"
"3","168","5","Laure","3","Rix","13","lrix4n@goo.gl","9","Indonesia"
"3","169","4","Kenn","10","MacCarroll","25","kmaccarroll4o@dropbox.com","8","Portugal"
"3","170","6","Britta","7","Fourman","17","bfourman4p@pen.io","5","Yemen"
"3","171","6","Hailey","9","Ingleston","24","hingleston4q@twitter.com","6","Canada"
"3","172","5","Monro","7","Dhillon","22","mdhillon4r@oaic.gov.au","7","Ireland"
"3","173","5","Jesus","8","Bauldrey","16","jbauldrey4s@t.co","6","Sweden"
"3","174","5","Vanna","8","Halligan","31","vhalligan4t@creativecommons.org","11","Philippines"
"3","175","4","Kiah","7","Sommers","30","ksommers4u@acquirethisname.com","13","New Caledonia"
"3","176","8","Maryrose","8","Brankley","29","mbrankley4v@ezinearticles.com","5","China"
"3","177","5","Carny","9","Halliwell","20","challiwell4w@cmu.edu","5","Japan"
"3","178","6","Jenine","4","Beek","15","jbeek4x@icio.us","6","Sweden"
"3","179","6","Romain","5","Clink","23","rclink4y@opensource.org","6","Poland"
"3","180","8","Roseanne","7","Robjant","28","rrobjant4z@printfriendly.com","5","China"
"3","181","7","Latrena","8","Jakubski","24","ljakubski50@trellian.com","9","Australia"
"3","182","12","Maximilianus","4","Weir","22","mweir51@altervista.org","19","Trinidad and Tobago"
"3","183","7","Olimpia","3","Poe","14","opoe52@epa.gov","5","China"
"3","184","3","Odo","9","Tollerton","20","otollerton53@mtv.com","6","Poland"
"3","185","6","Scotti","9","Haccleton","18","shaccleton54@ow.ly","8","Portugal"
"3","186","6","Salome","6","Buddle","18","sbuddle55@usda.gov","5","Yemen"
"3","187","9","Doralynne","8","Ranyelld","26","dranyelld56@bravesites.com","6","Sweden"
"3","188","7","Diarmid","8","Steadman","23","dsteadman57@behance.net","8","Pakistan"
"3","189","7","Rebecka","5","Barde","20","rbarde58@behance.net","11","Philippines"
"3","190","6","Lorain","6","Deevey","17","ldeevey59@nps.gov","7","Vietnam"
"3","191","6","Deidre","8","Shreenan","23","dshreenan5a@tinyurl.com","11","Philippines"
"3","192","7","Myrilla","9","Henriques","22","mhenriques5b@naver.com","6","Poland"
"3","193","7","Teirtza","9","Bonniface","22","tbonniface5c@yandex.ru","6","Brazil"
"3","194","7","Cathrin","7","Markova","22","cmarkova5d@addthis.com","5","China"
"3","195","7","Jackson","7","Blagden","18","jblagden5e@ucoz.ru","14","Czech Republic"
"3","196","8","Richmond","5","Colum","19","rcolum5f@census.gov","7","Uruguay"
"3","197","6","Sarine","7","Willows","21","swillows5g@netlog.com","8","Cameroon"
"3","198","6","Marnie","7","Tatlowe","18","mtatlowe5h@cmu.edu","6","Greece"
"3","199","6","Kaycee","6","Gueste","21","kgueste5i@blogger.com","11","Philippines"
"3","200","6","Gibbie","6","Jesson","21","gjesson5j@typepad.com","6","Greece"
"3","201","8","Germayne","8","Whitnell","20","gwhitnell5k@time.com","9","Argentina"
"3","202","5","Binky","10","Cristofolo","24","bcristofolo5l@tripod.com","8","Colombia"
"3","203","3","Lew","5","Cundy","19","lcundy5m@smh.com.au","6","Russia"
"3","204","7","Haleigh","8","Melluish","24","hmelluish5n@bluehost.com","9","Indonesia"
"3","205","7","Gunther","4","Tull","15","gtull5o@163.com","5","China"
"3","206","5","Minda","7","Devaney","26","mdevaney5p@tripadvisor.com","9","Indonesia"
"3","207","6","Persis","7","Dewdney","19","pdewdney5q@narod.ru","6","France"
"3","208","4","Aili","9","Chiverton","23","achiverton5r@cdbaby.com","9","Argentina"
"3","209","3","Eve","7","Stowers","26","estowers5s@dagondesign.com","5","China"
"3","210","10","Carmencita","8","Da Costa","22","cdacosta5t@storify.com","11","Philippines"
"3","211","5","Ashby","4","Beyn","20","abeyn5u@linkedin.com","11","Philippines"
"3","212","6","Maegan","8","Broadley","21","mbroadley5v@google.fr","5","China"
"3","213","5","Gayle","8","Soughton","21","gsoughton5w@google.cn","9","Indonesia"
"3","214","6","Cloris","5","Alton","20","calton5x@shop-pro.jp","5","China"
"3","215","6","Oswell","6","Genney","21","ogenney5y@addthis.com","7","Myanmar"
"3","216","6","Arthur","6","Height","24","aheight5z@opensource.org","6","Norway"
"3","217","4","Suzi","6","Drexel","22","sdrexel60@blogspot.com","11","Philippines"
"3","218","4","Brew","7","Dumphry","18","bdumphry61@icq.com","8","Portugal"
"3","219","6","Dareen","8","Amiranda","28","damiranda62@domainmarket.com","6","Russia"
"3","220","5","Lanae","9","Gasquoine","24","lgasquoine63@answers.com","7","Belgium"
"3","221","8","Gennifer","8","Schellig","19","gschellig64@bbb.org","5","Japan"
"3","222","4","Nara","6","Anster","26","nanster65@wunderground.com","9","Indonesia"
"3","223","5","Renae","7","Wardell","18","rwardell66@unc.edu","9","Indonesia"
"3","224","6","Lauren","10","Di Batista","20","ldibatista67@mail.ru","5","China"
"3","225","5","Eliot","6","Gudyer","22","egudyer68@buzzfeed.com","6","Brazil"
"3","226","7","Steffen","6","Sproul","29","ssproul69@acquirethisname.com","6","Serbia"
"3","227","4","Shem","4","Wrey","23","swrey6a@paginegialle.it","7","Ukraine"
"3","228","9","Annemarie","9","Duquesnay","32","aduquesnay6b@theglobeandmail.com","5","China"
"3","229","8","Harwilll","8","Stothard","24","hstothard6c@japanpost.jp","7","Namibia"
"3","230","7","Harriet","4","Emps","16","hemps6d@java.com","8","Thailand"
"3","231","5","Joela","6","Larrad","23","jlarrad6e@tuttocitta.it","8","Thailand"
"3","232","4","Dene","10","Powlesland","27","dpowlesland6f@bloglovin.com","8","Ethiopia"
"3","233","8","Cordelie","7","Offiler","22","coffiler6g@reuters.com","4","Peru"
"3","234","7","Ainslie","6","Hurich","18","ahurich6h@usgs.gov","8","Tanzania"
"3","235","5","Ellyn","9","Plewright","21","eplewright6i@dell.com","5","China"
"3","236","4","Noam","7","Neumann","21","nneumann6j@smh.com.au","6","France"
"3","237","6","Gaynor","5","Eaden","17","geaden6k@gmpg.org","6","Sweden"
"3","238","6","Mickie","5","Lewis","24","mlewis6l@yellowpages.com","11","Philippines"
"3","239","10","Clementius","7","Pittoli","16","cpittoli6m@de.vu","9","Indonesia"
"3","240","6","Minnie","8","Crighton","21","mcrighton6n@youku.com","18","Dominican Republic"
"3","241","5","Udell","8","Burchess","34","uburchess6o@scientificamerican.com","5","China"
"3","242","6","Helene","6","Biever","22","hbiever6p@china.com.cn","5","China"
"3","243","6","Amandy","7","Barratt","23","abarratt6q@usatoday.com","6","France"
"3","244","7","Laverne","9","Stubbings","26","lstubbings6r@wordpress.com","7","Bolivia"
"3","245","6","Hakeem","6","Barten","23","hbarten6s@posterous.com","6","Poland"
"3","246","8","Gilligan","8","Northway","21","gnorthway6t@hc360.com","7","Vietnam"
"3","247","7","Sargent","6","Spence","30","sspence6u@pagesperso-orange.fr","5","China"
"3","248","4","Trip","6","Horche","21","thorche6v@dedecms.com","6","Sweden"
"3","249","5","Zelma","4","Rawe","14","zrawe6w@hp.com","5","China"
"3","250","7","Raquela","10","Lisciandro","24","rlisciandro6x@smh.com.au","5","China"
"3","251","7","Kenneth","6","Danson","19","kdanson6y@webmd.com","5","Japan"
"3","252","6","Winnie","8","Goodoune","25","wgoodoune6z@bloglovin.com","6","Poland"
"3","253","5","Hazel","4","Eade","17","heade70@ameblo.jp","5","China"
"3","254","4","Lief","6","Dufton","32","ldufton71@networkadvertising.org","9","Indonesia"
"3","255","6","Kirbie","9","Demongeot","25","kdemongeot72@netscape.com","8","Tanzania"
"3","256","6","Haskel","6","Elstob","23","helstob73@microsoft.com","7","Ukraine"
"3","257","4","Lusa","8","Moughton","21","lmoughton74@goo.ne.jp","4","Peru"
"3","258","5","Berta","8","Pettyfer","18","bpettyfer75@360.cn","13","United States"
"3","259","6","Ashlan","6","Crimpe","18","acrimpe76@ebay.com","11","Philippines"
"3","260","7","Arliene","7","Mecozzi","22","amecozzi77@sina.com.cn","5","Japan"
"3","261","8","Nikaniki","9","Fraschini","24","nfraschini78@weather.com","6","France"
"3","262","5","Viola","6","Dewitt","20","vdewitt79@utexas.edu","8","Portugal"
"3","263","4","Burg","7","Beagley","21","bbeagley7a@oakley.com","6","Mexico"
"3","264","6","Michel","4","Tuft","18","mtuft7b@abc.net.au","6","Russia"
"3","265","6","Kattie","7","Cubuzzi","17","kcubuzzi7c@a8.net","5","China"
"3","266","9","Augustine","6","Arrigo","21","aarrigo7d@auda.org.au","8","Malaysia"
"3","267","6","Celene","8","Lourenco","21","clourenco7e@wikia.com","7","Nigeria"
"3","268","6","Ingrim","5","Guage","17","iguage7f@sohu.com","11","Philippines"
"3","269","7","Carling","6","Meneer","20","cmeneer7g@reddit.com","5","China"
"3","270","4","Mara","6","Hawick","16","mhawick7h@vk.com","6","France"
"3","271","5","Judon","7","Gemelli","22","jgemelli7i@booking.com","8","Colombia"
"3","272","5","Kaleb","7","Mullins","21","kmullins7j@tumblr.com","8","Portugal"
"3","273","7","Gusella","12","Lotherington","28","glotherington7k@bluehost.com","5","Chile"
"3","274","6","Pearce","6","Lacaze","22","placaze7l@yolasite.com","8","Malaysia"
"3","275","7","Huberto","6","Hunton","16","hhunton7m@qq.com","6","Sweden"
"3","276","7","Michele","9","Barkshire","23","mbarkshire7n@scribd.com","5","China"
"3","277","6","Salomo","9","Legonidec","30","slegonidec7o@ezinearticles.com","6","Russia"
"3","278","5","Rolph","10","MacAnespie","24","rmacanespie7p@sphinn.com","14","Czech Republic"
"3","279","5","Kayne","7","Leblanc","18","kleblanc7q@cnn.com","6","Serbia"
"3","280","6","Thaine","6","Dibnah","26","tdibnah7r@chronoengine.com","8","Portugal"
"3","281","3","Yul","7","Bezzant","24","ybezzant7s@blinklist.com","8","Portugal"
"3","282","5","Karen","7","Sedgman","23","ksedgman7t@usatoday.com","6","Poland"
"3","283","7","Annabel","9","Craythorn","23","acraythorn7u@ebay.co.uk","10","Azerbaijan"
"3","284","9","Melisande","6","Impson","23","mimpson7v@wordpress.org","5","Egypt"
"3","285","7","Haleigh","4","Drew","18","hdrew7w@oakley.com","10","Tajikistan"
"3","286","5","Peder","9","Blackster","26","pblackster7x@google.com.hk","9","Indonesia"
"3","287","4","Enid","5","Cable","24","ecable7y@dailymotion.com","6","Sweden"
"3","288","7","Granger","7","Chamney","27","gchamney7z@domainmarket.com","5","China"
"3","289","9","Kimberley","7","Feasley","28","kfeasley80@printfriendly.com","6","Brazil"
"3","290","6","Norton","11","Glastonbury","27","nglastonbury81@slashdot.org","5","China"
"3","291","6","Farand","8","Husbands","27","fhusbands82@tripadvisor.com","5","China"
"3","292","5","Ginny","6","Crimpe","18","gcrimpe83@ebay.com","6","Russia"
"3","293","5","Zelma","6","Ardern","17","zardern84@tiny.cc","8","Malaysia"
"3","294","4","Phil","7","Sauvage","20","psauvage85@about.com","9","Indonesia"
"3","295","8","Jeremias","6","Hegden","18","jhegden86@army.mil","6","Sweden"
"3","296","3","Ned","5","Crann","18","ncrann87@tmall.com","6","France"
"3","297","4","Poul","10","Nan CarROW","26","pnancarROW88@sitemeter.com","5","China"
"3","298","7","Maurine","6","Burdge","21","mburdge89@samsung.com","11","Afghanistan"
"3","299","7","Nikolos","8","Millions","21","nmillions8a@globo.com","5","China"
"3","300","8","Georgena","5","Gunda","19","ggunda8b@apache.org","8","Bulgaria"
"3","301","6","Evelyn","9","Fransseni","28","efransseni8c@ycombinator.com","9","Argentina"
"3","302","6","Aleece","5","Boyce","21","aboyce8d@cbslocal.com","5","China"
"3","303","6","Hebert","7","Hanmore","19","hhanmore8e@live.com","5","Japan"
"3","304","6","Hilary","8","Georgius","25","hgeorgius8f@microsoft.com","6","France"
"3","305","7","Brittni","6","Lathom","23","blathom8g@clickbank.net","8","Thailand"
"3","306","8","Rebekkah","8","Thornber","24","rthornber8h@vkontakte.ru","11","Philippines"
"3","307","6","Julina","6","Marden","19","jmarden8i@adobe.com","6","Poland"
"3","308","8","Terrance","4","Ford","19","tford8j@squidoo.com","9","Indonesia"
"3","309","8","Stillman","7","Cuttell","24","scuttell8k@people.com.cn","7","Ukraine"
"3","310","7","Marleen","10","McCullouch","27","mmccullouch8l@reference.com","5","China"
"3","311","4","Eran","9","Ridgedell","25","eridgedell8m@multiply.com","6","France"
"3","312","8","Salomone","6","Becket","23","sbecket8n@canalblog.com","11","Philippines"
"3","313","4","Wake","6","Sonley","19","wsonley8o@slate.com","9","Indonesia"
"3","314","6","Aylmer","4","Sans","20","asans8p@multiply.com","6","Poland"
"3","315","6","Tonnie","8","Hanbidge","22","thanbidge8q@devhub.com","6","Brazil"
"3","316","5","Miran","5","Cable","16","mcable8r@msn.com","9","Indonesia"
"3","317","9","Sutherlan","10","Hammerberg","27","shammerberg8s@webeden.co.uk","6","Brazil"
"3","318","6","Gordan","9","Smalridge","24","gsmalridge8t@webnode.com","5","China"
"3","319","5","Wendy","4","Ives","18","wives8u@devhub.com","7","Morocco"
"3","320","7","Eveleen","9","Sanderson","29","esanderson8v@domainmarket.com","5","Japan"
"3","321","5","Chadd","7","Stanner","33","cstanner8w@scientificamerican.com","5","China"
"3","322","5","Jorie","11","Antoniottii","25","jantoniottii8x@oracle.com","6","Sweden"
"3","323","6","Ignace","6","Nowlan","21","inowlan8y@dropbox.com","6","Canada"
"3","324","6","Roddie","10","Torricella","30","rtorricella8z@chronoengine.com","12","South Africa"
"3","325","5","Butch","7","Colcutt","20","bcolcutt90@yahoo.com","4","Peru"
"3","326","6","Austin","9","Findlater","24","afindlater91@latimes.com","11","Ivory Coast"
"3","327","5","Karel","5","Chubb","23","kchubb92@prnewswire.com","10","Seychelles"
"3","328","5","Brade","5","Spare","17","bspare93@youtu.be","9","Indonesia"
"3","329","4","Ross","10","Harradence","22","rharradence94@fema.gov","5","Chile"
"3","330","6","Scotty","7","Lascell","22","slascell95@cbsnews.com","6","France"
"3","331","5","Erena","5","Acott","25","eacott96@domainmarket.com","7","Ukraine"
"3","332","2","Ax","6","Pedrol","22","apedrol97@mashable.com","6","Poland"
"3","333","4","Gena","7","Bucklan","25","gbucklan98@craigslist.org","7","Nigeria"
"3","334","8","Violante","7","Effaunt","22","veffaunt99@webnode.com","14","Czech Republic"
"3","335","6","Isiahi","7","Shefton","21","ishefton9a@scribd.com","9","Indonesia"
"3","336","5","Alfie","12","Silberschatz","23","asilberschatz9b@nba.com","7","Finland"
"3","337","6","Angeli","6","Sawden","22","asawden9c@examiner.com","5","China"
"3","338","5","Major","6","Vaudre","22","mvaudre9d@multiply.com","9","Indonesia"
"3","339","5","Timmy","11","Dwerryhouse","22","tdwerryhouse9e@soup.io","5","China"
"3","340","7","Vassily","6","Smeall","21","vsmeall9f@gizmodo.com","7","Austria"
"3","341","5","Mason","7","Quincee","20","mquincee9g@ameblo.jp","6","France"
"3","342","5","Ervin","5","Dobey","19","edobey9h@jalbum.net","9","Macedonia"
"3","343","8","Marjorie","6","Fronek","21","mfronek9i@spotify.com","6","Russia"
"3","344","6","Ingram","6","Popple","20","ipopple9j@flavors.me","13","United States"
"3","345","6","Nappie","8","Eggleton","22","neggleton9k@cdbaby.com","11","Philippines"
"3","346","5","Rheba","7","Bullene","23","rbullene9l@amazon.co.uk","9","Indonesia"
"3","347","6","Ripley","6","Goldin","19","rgoldin9m@europa.eu","6","Brazil"
"3","348","4","Jada","9","Fleetwood","20","jfleetwood9n@last.fm","10","Kazakhstan"
"3","349","5","Jacky","5","Train","15","jtrain9o@gov.uk","14","Czech Republic"
"3","350","7","Shannon","7","Biswell","33","sbiswell9p@networkadvertising.org","5","China"
"3","351","4","Alvy","5","Pache","16","apache9q@ted.com","11","Philippines"
"3","352","6","Kimbra","7","Andrieu","22","kandrieu9r@blogger.com","8","Colombia"
"3","353","8","Jeanelle","9","Greeveson","26","jgreeveson9s@pinterest.com","5","China"
"3","354","7","Elliott","6","Fishby","27","efishby9t@deliciousdays.com","5","Japan"
"3","355","6","Shanan","4","Sale","16","ssale9u@dmoz.org","11","Philippines"
"3","356","6","Jazmin","6","Midlar","29","jmidlar9v@acquirethisname.com","8","Colombia"
"3","357","6","Hashim","8","Comettoi","21","hcomettoi9w@vimeo.com","7","Albania"
"3","358","4","Mack","7","Desport","23","mdesport9x@hatena.ne.jp","6","Poland"
"3","359","4","Doug","6","Lorans","17","dlorans9y@psu.edu","6","Poland"
"3","360","8","Ebeneser","6","Casari","21","ecasari9z@sina.com.cn","11","Philippines"
"3","361","9","Reinaldos","4","Hamp","30","rhampa0@scientificamerican.com","11","Philippines"
"3","362","7","Emmalyn","5","Strut","15","estruta1@si.edu","5","Japan"
"3","363","6","Conroy","6","Szymon","20","cszymona2@ustream.tv","9","Indonesia"
"3","364","9","Louisette","5","Ghost","18","lghosta3@jimdo.com","6","Greece"
"3","365","6","Orazio","6","Comini","19","ocominia4@tmall.com","7","Moldova"
"3","366","5","Shela","4","Yter","17","sytera5@google.pl","5","Yemen"
"3","367","9","Georgiana","6","Altham","28","galthama6@chicagotribune.com","9","Indonesia"
"3","368","3","Nap","8","Wressell","20","nwressella7@blog.com","6","Canada"
"3","369","4","Tris","6","Stolli","22","tstollia8@google.co.uk","9","Indonesia"
"3","370","4","Yale","7","Balcers","23","ybalcersa9@redcross.org","5","China"
"3","371","5","Daffi","9","Grigoroni","22","dgrigoroniaa@google.cn","8","Pakistan"
"3","372","5","Ketti","9","Francklin","20","kfrancklinab@gnu.org","5","China"
"3","373","4","Neda","7","Gittoes","25","ngittoesac@technorati.com","14","Czech Republic"
"3","374","6","Durand","7","Gilliam","27","dgilliamad@businesswire.com","9","Indonesia"
"3","375","6","Millie","7","Janusik","24","mjanusikae@pinterest.com","8","Portugal"
"3","376","6","Verina","7","Chavrin","21","vchavrinaf@jalbum.net","8","Colombia"
"3","377","5","Chris","7","Mayston","18","cmaystonag@ask.com","13","United States"
"3","378","5","Augie","9","Scandrite","22","ascandriteah@globo.com","13","United States"
"3","379","5","Geoff","10","Giovanetti","20","ggiovanettiai@ed.gov","14","Czech Republic"
"3","380","5","Golda","5","Evett","22","gevettaj@webeden.co.uk","9","Indonesia"
"3","381","7","Donavon","9","Kempshall","21","dkempshallak@dmoz.org","6","Poland"
"3","382","6","Kelley","6","Prover","26","kproveral@reverbnation.com","8","Portugal"
"3","383","3","Ced","8","Philcott","22","cphilcottam@unesco.org","5","China"
"3","384","5","Corny","7","Girdler","23","cgirdleran@slashdot.org","11","Philippines"
"3","385","6","Carlee","9","Covington","23","ccovingtonao@weebly.com","7","Finland"
"3","386","4","Park","6","Burder","17","pburderap@sun.com","8","Portugal"
"3","387","7","Cacilia","5","Rowan","20","cROWanaq@cbsnews.com","6","Russia"
"3","388","7","Quentin","5","Showt","15","qshowtar@un.org","6","Panama"
"3","389","6","Skelly","8","Duesbury","21","sduesburyas@jimdo.com","11","Philippines"
"3","390","6","Patten","7","Clapton","21","pclaptonat@tumblr.com","6","Poland"
"3","391","2","Em","8","Gartland","25","egartlandau@discovery.com","9","Indonesia"
"3","392","6","Aguste","7","Yarrall","25","ayarrallav@craigslist.org","4","Peru"
"3","393","5","Colas","8","Rickford","23","crickfordaw@histats.com","5","China"
"3","394","8","Lorianne","8","Grayshon","24","lgrayshonax@japanpost.jp","8","Tanzania"
"3","395","8","Julianne","11","Battlestone","25","jbattlestoneay@drupal.org","6","Greece"
"3","396","4","Arel","11","Chattington","22","achattingtonaz@163.com","9","Indonesia"
"3","397","6","Farlie","6","Orbell","21","forbellb0@jiathis.com","12","Sierra Leone"
"3","398","3","Doy","8","Hounihan","23","dhounihanb1@samsung.com","9","Indonesia"
"3","399","9","Mehetabel","7","Iverson","21","miversonb2@meetup.com","12","Burkina Faso"
"3","400","7","Tamqrah","7","Suttill","25","tsuttillb3@prnewswire.com","6","Russia"
"3","401","8","Halimeda","4","Gras","19","hgrasb4@state.tx.us","5","China"
"3","402","6","Andrew","4","Spry","16","aspryb5@nasa.gov","9","Indonesia"
"3","403","8","Christal","6","Brunel","23","cbrunelb6@woothemes.com","6","Russia"
"3","404","6","Norene","8","Halleday","22","nhalledayb7@unesco.org","10","Costa Rica"
"3","405","3","Ado","9","MacGinlay","26","amacginlayb8@posterous.com","5","China"
"3","406","4","Lana","5","Jaume","19","ljaumeb9@joomla.org","9","Indonesia"
"3","407","6","Dwayne","5","Bodle","16","dbodleba@sun.com","5","China"
"3","408","5","Elwyn","10","Henriksson","23","ehenrikssonbb@opera.com","12","South Africa"
"3","409","6","Valida","4","Eick","22","veickbc@eventbrite.com","8","Malaysia"
"3","410","7","Durward","5","Dykas","19","ddykasbd@scribd.com","12","Saudi Arabia"
"3","411","5","Bogey","6","Shewon","21","bshewonbe@myspace.com","9","Indonesia"
"3","412","6","Ludvig","5","Reams","18","lreamsbf@wiley.com","6","Sweden"
"3","413","4","Alan","8","Eliassen","25","aeliassenbg@quantcast.com","8","Pakistan"
"3","414","5","Angus","7","Cattlow","22","acattlowbh@gizmodo.com","5","China"
"3","415","5","Marni","8","Hellwing","22","mhellwingbi@dyndns.org","6","Russia"
"3","416","4","Jenn","4","Comi","24","jcomibj@biblegateway.com","7","Nigeria"
"3","417","8","Gertruda","7","Chainey","25","gchaineybk@soundcloud.com","9","Indonesia"
"3","418","6","Foster","6","Ainger","25","faingerbl@studiopress.com","6","Sweden"
"3","419","10","Michaeline","5","Botha","18","mbothabm@vimeo.com","5","China"
"3","420","5","Gavra","8","Tonepohl","21","gtonepohlbn@about.com","9","Argentina"
"3","421","6","Nadine","9","Swarbrigg","20","nswarbriggbo@loc.gov","5","China"
"3","422","3","Ayn","7","Wasling","22","awaslingbp@spotify.com","7","Ukraine"
"3","423","6","Teddie","5","Exley","22","texleybq@123-reg.co.uk","6","Russia"
"3","424","6","Sandie","6","Ofener","21","sofenerbr@histats.com","6","Zambia"
"3","425","5","Natty","9","Woodworth","28","nwoodworthbs@nydailynews.com","8","Thailand"
"3","426","8","Nicholle","8","Castille","21","ncastillebt@github.io","5","China"
"3","427","7","Gerhard","9","Womersley","24","gwomersleybu@blogger.com","6","France"
"3","428","6","Loleta","6","Culmer","23","lculmerbv@parallels.com","14","Czech Republic"
"3","429","7","Corbett","9","Ellingham","27","cellinghambw@eventbrite.com","9","Guatemala"
"3","430","7","Cordula","7","Brashaw","27","cbrashawbx@reverbnation.com","9","Indonesia"
"3","431","6","Sorcha","5","Bilam","20","sbilamby@foxnews.com","14","Czech Republic"
"3","432","6","Karmen","8","Leathart","26","kleathartbz@slideshare.net","5","Japan"
"3","433","6","Rainer","5","Mager","22","rmagerc0@woothemes.com","9","Guatemala"
"3","434","7","Adolphe","7","Quarles","20","aquarlesc1@europa.eu","7","Uruguay"
"3","435","8","Kristine","7","Duester","22","kduesterc2@state.tx.us","6","Mexico"
"3","436","8","Roseline","8","McGaugan","25","rmcgauganc3@homestead.com","11","Philippines"
"3","437","5","Paige","10","MacBrearty","25","pmacbreartyc4@yahoo.co.jp","9","Indonesia"
"3","438","6","Fowler","8","Dennison","31","fdennisonc5@businessinsider.com","5","China"
"3","439","8","Stanwood","8","Delmonti","25","sdelmontic6@bloomberg.com","8","Dominica"
"3","440","7","Ardenia","9","Ingamells","19","aingamellsc7@pen.io","6","Brazil"
"3","441","4","Oren","8","D'Aubney","22","odaubneyc8@histats.com","8","Pakistan"
"3","442","9","Cassandre","8","Magovern","25","cmagovernc9@cafepress.com","8","Portugal"
"3","443","5","Kevyn","7","Darnell","17","kdarnellca@a8.net","6","Russia"
"3","444","7","Germain","7","Tillman","21","gtillmancb@taobao.com","6","France"
"3","445","6","Kattie","9","SpradbROW","21","kspradbROWcc@admin.ch","6","Russia"
"3","446","6","Zaneta","7","Rivilis","19","zriviliscd@ucla.edu","7","Albania"
"3","447","7","Ninette","8","Spindler","20","nspindlerce@phoca.cz","5","China"
"3","448","7","Harmony","4","Wray","17","hwraycf@europa.eu","6","Poland"
"3","449","8","Jaquelin","11","Abrahamsson","28","jabrahamssoncg@posterous.com","8","Portugal"
"3","450","5","Felix","7","Cobbold","23","fcobboldch@japanpost.jp","5","China"
"3","451","8","Katuscha","11","Lindenbluth","27","klindenbluthci@bluehost.com","6","Brazil"
"3","452","7","Dimitry","8","Hodcroft","21","dhodcroftcj@skype.com","6","Israel"
"3","677","7","Kissiah","5","Sayes","22","ksayesis@sitemeter.com","9","Macedonia"
"3","678","8","Maureene","10","Fishbourne","23","mfishbourneit@ocn.ne.jp","11","New Zealand"
"3","679","7","Breanne","6","Muston","20","bmustoniu@oakley.com","11","Switzerland"
"3","680","6","Jeremy","9","Wardhaugh","23","jwardhaughiv@rambler.ru","6","Russia"
"3","681","3","Gay","8","Speechly","22","gspeechlyiw@tumblr.com","8","Honduras"
"3","682","7","Rodrigo","7","Proctor","26","rproctorix@stumbleupon.com","6","Mexico"
"3","683","5","Slade","10","Webb-Bowen","26","swebbboweniy@geocities.com","4","Iraq"
"3","684","7","Merrill","3","Lye","17","mlyeiz@cpanel.net","21","Palestinian Territory"
"3","685","5","Paola","6","Lerner","19","plernerj0@upenn.edu","5","Japan"
"3","686","6","Gordon","7","Gillard","24","ggillardj1@aboutads.info","5","China"
"3","687","6","Darren","7","Brogden","25","dbrogdenj2@opensource.org","9","Indonesia"
"3","688","4","Dory","5","Coney","21","dconeyj3@netvibes.com","5","China"
"3","689","6","Farica","7","Durning","22","fdurningj4@jiathis.com","8","Honduras"
"3","690","8","Carrissa","9","Sclanders","20","csclandersj5@nyu.edu","5","China"
"3","691","8","Aldridge","8","Hallford","22","ahallfordj6@tripod.com","5","China"
"3","692","5","Alden","10","Ruddlesden","23","aruddlesdenj7@wufoo.com","9","Indonesia"
"3","693","4","Yuri","7","Howgate","21","yhowgatej8@boston.com","8","Pakistan"
"3","694","8","Willetta","4","Ruff","24","wruffj9@reverbnation.com","8","Thailand"
"3","695","7","Perrine","6","Larvor","25","plarvorja@dailymail.co.uk","5","China"
"3","696","3","Del","6","Hawsby","20","dhawsbyjb@hao123.com","6","Sweden"
"3","697","5","Peria","11","Hrihorovich","28","phrihorovichjc@economist.com","5","China"
"3","698","5","Kitty","13","Cowperthwaite","30","kcowperthwaitejd@blinklist.com","9","Australia"
"3","699","5","Ddene","7","Newling","30","dnewlingje@acquirethisname.com","5","Malta"
"3","700","8","Merralee","6","Bendix","17","mbendixjf@nyu.edu","8","Portugal"
"3","701","5","Brody","7","Rabbitt","18","brabbittjg@mit.edu","11","Philippines"
"3","702","7","Durante","9","Westerman","20","dwestermanjh@nih.gov","11","Philippines"
"3","703","7","Rudolfo","5","Grave","20","rgraveji@foxnews.com","6","Russia"
"3","704","6","Delila","7","Richold","22","dricholdjj@addthis.com","10","Madagascar"
"3","705","5","Sayre","5","Mault","20","smaultjk@myspace.com","5","China"
"3","706","5","Patty","7","Ratnage","20","pratnagejl@ocn.ne.jp","7","Morocco"
"3","707","6","Gracia","5","Rimes","16","grimesjm@icq.com","6","Poland"
"3","708","3","Edy","6","Mattia","25","emattiajn@nydailynews.com","12","South Africa"
"3","709","4","Doti","10","Cattermull","32","dcattermulljo@simplemachines.org","6","Russia"
"3","710","4","Mala","8","Hitscher","25","mhitscherjp@earthlink.net","9","Indonesia"
"3","711","5","Pippo","8","Breckell","24","pbreckelljq@blogspot.com","7","Finland"
"3","712","6","Lorena","7","Grattan","24","lgrattanjr@earthlink.net","18","Dominican Republic"
"3","713","9","Caroljean","9","Blaksland","23","cblakslandjs@oracle.com","6","Poland"
"3","714","6","Jorgan","7","Stoyell","22","jstoyelljt@example.com","24","Central African Republic"
"3","715","5","Sybyl","6","Wilson","22","swilsonju@google.co.uk","5","China"
"3","716","5","Minny","8","Schrinel","22","mschrineljv@disqus.com","6","Poland"
"3","717","6","Benito","7","Farrier","22","bfarrierjw@mozilla.org","11","Philippines"
"3","718","5","Jewel","10","Stannering","21","jstanneringjx@com.com","5","Japan"
"3","719","4","Abby","7","Wimbury","18","awimburyjy@nba.com","5","China"
"3","720","6","Matias","7","Petican","18","mpeticanjz@ucoz.ru","6","France"
"3","721","7","Stafani","12","Luetkemeyers","25","sluetkemeyersk0@wikia.com","6","Russia"
"3","722","5","Piotr","7","Paulsen","24","ppaulsenk1@google.com.au","13","United States"
"3","723","7","Bertine","7","Camosso","26","bcamossok2@telegraph.co.uk","11","South Korea"
"3","724","4","Gigi","5","Ashby","19","gashbyk3@github.com","14","United Kingdom"
"3","725","5","Wally","6","Blight","21","wblightk4@storify.com","9","Indonesia"
"3","726","6","Jammie","9","Jacobssen","27","jjacobssenk5@prnewswire.com","6","Mexico"
"3","727","5","Karel","6","Smolan","20","ksmolank6@flavors.me","9","Indonesia"
"3","728","7","Forster","6","Jamary","18","fjamaryk7@ucsd.edu","8","Portugal"
"3","729","6","Aloise","10","Wallsworth","21","awallsworthk8@icq.com","6","Mexico"
"3","730","6","Alleen","6","Ferrai","24","aferraik9@eventbrite.com","8","Portugal"
"3","731","7","Adriano","8","Verralls","23","averrallska@smugmug.com","6","Brazil"
"3","732","5","Killy","7","Wratten","23","kwrattenkb@marriott.com","7","Vietnam"
"3","733","3","Kip","6","Wragge","19","kwraggekc@naver.com","11","Philippines"
"3","734","7","Hayward","6","Torrie","22","htorriekd@symantec.com","5","Japan"
"3","735","6","Sarine","5","Lathe","26","slatheke@blogtalkradio.com","9","Sri Lanka"
"3","736","8","Kerianne","6","Pardew","19","kpardewkf@unblog.fr","9","Indonesia"
"3","737","7","Demetri","6","Putson","20","dputsonkg@nsw.gov.au","7","Somalia"
"3","738","5","Nedda","10","Ecclestone","29","necclestonekh@nydailynews.com","5","China"
"3","739","6","Alvera","5","Elwin","18","aelwinki@opera.com","12","Sierra Leone"
"3","740","5","North","11","Hebblewhite","21","nhebblewhitekj@a8.net","6","France"
"3","741","6","Jaymie","6","Coupar","25","jcouparkk@miibeian.gov.cn","8","Pakistan"
"3","742","6","Walton","7","Bracken","22","wbrackenkl@twitpic.com","32","Democratic Republic of the Congo"
"3","743","6","Andres","8","Baldocci","21","abaldoccikm@baidu.com","5","China"
"3","744","6","Janeva","7","Osborne","23","josbornekn@amazon.co.uk","5","Nepal"
"3","745","4","Dale","7","Kamenar","19","dkamenarko@narod.ru","14","Czech Republic"
"3","746","6","Osmund","5","Nolda","19","onoldakp@zimbio.com","7","Myanmar"
"3","747","8","Adelaida","7","Vockins","24","avockinskq@pinterest.com","7","Tunisia"
"3","748","9","Remington","7","Sleight","21","rsleightkr@zimbio.com","8","Honduras"
"3","749","8","Pamelina","5","Fagan","18","pfaganks@baidu.com","22","Bosnia and Herzegovina"
"3","750","7","Gwenora","10","Bartkowiak","23","gbartkowiakkt@weibo.com","5","China"
"3","751","8","Delainey","7","Whorton","22","dwhortonku@jiathis.com","9","Venezuela"
"3","752","5","Deena","6","Mustin","23","dmustinkv@indiegogo.com","9","Indonesia"
"3","753","7","Katalin","5","Borge","20","kborgekw@vinaora.com","6","Russia"
"3","754","7","Miranda","11","Willerstone","22","mwillerstonekx@mac.com","11","Philippines"
"3","755","6","Lucita","6","Yeskin","17","lyeskinky@ucoz.ru","6","Canada"
"3","756","6","Errick","5","Cayet","25","ecayetkz@businessweek.com","10","Costa Rica"
"3","757","8","Jermaine","7","Olligan","19","jolliganl0@sohu.com","6","Poland"
"3","758","7","Rosalie","8","Weymouth","24","rweymouthl1@addtoany.com","9","Indonesia"
"3","759","4","Yuri","8","Templman","25","ytemplmanl2@bloglovin.com","6","Russia"
"3","760","6","Renaud","5","Shawl","17","rshawll3@ucsd.edu","6","France"
"3","761","4","Liam","6","Handke","19","lhandkel4@wikia.com","8","Maldives"
"3","762","4","Ally","6","Gemson","20","agemsonl5@tripod.com","9","Venezuela"
"3","763","5","Vanya","8","Lamberts","25","vlambertsl6@earthlink.net","6","Greece"
"3","764","6","Angele","6","Teague","20","ateaguel7@discuz.net","8","Portugal"
"3","765","8","Laughton","8","Munnings","27","lmunningsl8@hugedomains.com","13","United States"
"3","766","6","Cecile","6","Lavell","21","clavelll9@jiathis.com","6","Russia"
"3","767","6","Cecile","9","Kamienski","20","ckamienskila@mapy.cz","6","Russia"
"3","768","6","Dwayne","9","Wynrehame","23","dwynrehamelb@uol.com.br","5","China"
"3","769","5","Colet","7","Layzell","22","clayzelllc@yahoo.co.jp","11","Philippines"
"3","770","8","Clemence","9","Finlayson","22","cfinlaysonld@chron.com","5","China"
"3","771","3","Bud","6","Scouse","17","bscousele@nps.gov","5","China"
"3","772","6","Georas","7","Lapenna","18","glapennalf@msu.edu","7","Albania"
"3","773","5","Birch","6","Pullan","19","bpullanlg@phpbb.com","6","Mexico"
"3","774","6","Kessia","5","Cowie","19","kcowielh@jalbum.net","9","Indonesia"
"3","775","3","Bev","7","Delgado","20","bdelgadoli@alexa.com","6","Brazil"
"3","776","6","Mattie","10","Lindenboim","21","mlindenboimlj@who.int","8","Honduras"
"3","777","10","Saunderson","5","Jeays","22","sjeayslk@hostgator.com","9","Indonesia"
"3","778","9","Valentina","8","Peaseman","27","vpeasemanll@kickstarter.com","6","Poland"
"3","779","6","Noreen","7","Simpson","20","nsimpsonlm@github.io","6","Mexico"
"3","780","6","Shamus","7","Harlett","19","sharlettln@admin.ch","5","China"
"3","781","5","Eddie","5","Genny","21","egennylo@google.co.jp","5","China"
"3","782","6","Tobias","8","Eadmeads","25","teadmeadslp@over-blog.com","11","South Korea"
"3","783","4","Conn","7","Cameron","19","ccameronlq@imdb.com","5","China"
"3","784","7","Travers","6","Haggas","24","thaggaslr@feedburner.com","6","Greece"
"3","785","8","Robinson","9","Libermore","19","rlibermorels@w3.org","11","Philippines"
"3","786","5","Marya","6","Kisbee","20","mkisbeelt@tumblr.com","14","Czech Republic"
"3","787","3","Tod","8","Strodder","26","tstrodderlu@yellowbook.com","6","Brazil"
"3","788","4","Tobe","7","Hassett","16","thassettlv@51.la","6","Russia"
"3","789","5","Marcy","9","MacGovern","25","mmacgovernlw@netvibes.com","6","Russia"
"3","790","8","Margette","7","Dorking","22","mdorkinglx@samsung.com","5","China"
"3","791","6","Duncan","10","Degenhardt","21","ddegenhardtly@npr.org","5","China"
"3","792","5","Taryn","8","Ballston","19","tballstonlz@mail.ru","6","Poland"
"3","793","4","Tull","4","Bony","17","tbonym0@about.com","5","Spain"
"3","794","7","Baudoin","9","Willshear","25","bwillshearm1@netvibes.com","5","China"
"3","795","8","Matthiew","5","Cozzi","18","mcozzim2@google.nl","6","Brazil"
"3","796","6","Vernor","7","Robshaw","20","vrobshawm3@slate.com","4","Peru"
"3","797","8","Cathrine","6","Reford","19","crefordm4@webmd.com","5","China"
"3","798","6","Blaire","9","Reignolds","22","breignoldsm5@skype.com","10","Kazakhstan"
"3","799","7","Edouard","8","Maidment","30","EMAILdmentm6@timesonline.co.uk","9","Indonesia"
"3","800","5","Baily","9","Beardshaw","20","bbeardshawm7@wix.com","6","Latvia"
"3","801","6","Forbes","7","Sisland","20","fsislandm8@goo.ne.jp","6","Mexico"
"3","802","3","Mar","10","Trengrouse","28","mtrengrousem9@washington.edu","5","China"
"3","803","7","Kliment","7","Bickell","28","kbickellma@blogtalkradio.com","5","China"
"3","804","5","Kelci","8","Grayshon","25","kgrayshonmb@google.com.au","12","South Africa"
"3","805","7","Fleming","8","Courtois","19","fcourtoismc@who.int","5","China"
"3","806","7","Carlene","10","Waterworth","27","cwaterworthmd@clickbank.net","9","Indonesia"
"3","807","8","Caroline","6","Rossin","22","crossinme@cbslocal.com","9","Indonesia"
"3","808","4","Arvy","4","Paik","17","apaikmf@imgur.com","5","China"
"3","809","6","Ardyth","8","Bamforth","23","abamforthmg@cornell.edu","6","Taiwan"
"3","810","6","Bettye","9","O' Mullan","29","bomullanmh@washingtonpost.com","7","Bolivia"
"3","811","6","Birdie","5","Moyne","19","bmoynemi@hao123.com","6","Russia"
"3","812","5","Alysa","8","Stenners","23","astennersmj@oaic.gov.au","5","China"
"3","813","7","Chelsey","8","Stendell","21","cstendellmk@upenn.edu","7","Finland"
"3","814","5","Lynne","7","Bayldon","18","lbayldonml@aol.com","11","Netherlands"
"3","815","8","Tabbatha","6","Longhi","24","tlonghimm@cloudflare.com","13","Aland Islands"
"3","816","5","Kalie","10","De Andreis","22","kdeandreismn@salon.com","10","Kazakhstan"
"3","817","6","Tamiko","6","Pagden","23","tpagdenmo@blinklist.com","6","Poland"
"3","818","6","Elvera","6","Bonson","20","ebonsonmp@oakley.com","13","United States"
"3","819","6","Yettie","5","Domek","24","ydomekmq@studiopress.com","6","Russia"
"3","820","5","Brook","6","Halcro","16","bhalcromr@qq.com","7","Nigeria"
"3","821","6","Floria","5","Duthy","21","fduthyms@examiner.com","11","Philippines"
"3","822","5","Hewet","7","Baumber","26","hbaumbermt@themeforest.net","5","Japan"
"3","823","6","Talbot","12","Foster-Smith","22","tfostersmithmu@icio.us","6","Norway"
"3","824","6","Darcee","5","Fosse","18","dfossemv@google.nl","12","South Africa"
"3","825","6","Allina","7","Damiata","25","adamiatamw@indiatimes.com","5","China"
"3","826","7","Lindsey","7","Goldney","21","lgoldneymx@rambler.ru","8","Djibouti"
"3","827","9","Melisande","7","Swynley","21","mswynleymy@weebly.com","9","Indonesia"
"3","828","6","Bondon","9","Cauderlie","28","bcauderliemz@marketwatch.com","5","Niger"
"3","829","4","Mick","11","Palphreyman","28","mpalphreymann0@bloglovin.com","11","Philippines"
"3","830","7","Sigfrid","8","Whitmell","21","swhitmelln1@google.nl","8","Slovenia"
"3","831","6","Rosene","4","Jory","19","rjoryn2@walmart.com","6","Russia"
"3","832","7","Aigneis","6","Govern","28","agovernn3@barnesandnoble.com","9","Guatemala"
"3","833","7","Carlyle","8","Cosgrive","20","ccosgriven4@ox.ac.uk","8","Thailand"
"3","834","4","Jens","7","Theurer","27","jtheurern5@odnoklassniki.ru","5","Japan"
"3","835","4","Deni","6","Argile","19","dargilen6@jigsy.com","6","Brazil"
"3","836","5","Emmit","7","Storkes","24","estorkesn7@economist.com","5","China"
"3","837","4","Alic","6","Ritter","19","arittern8@diigo.com","5","China"
"3","838","6","Shayne","6","Easlea","20","seaslean9@jalbum.net","4","Iran"
"3","839","5","Heath","5","Swyre","26","hswyrena@howstuffworks.com","5","China"
"3","840","7","Berkley","9","Parramore","20","bparramorenb@sun.com","9","Indonesia"
"3","841","6","Emelda","7","Feetham","33","efeethamnc@networkadvertising.org","5","Spain"
"3","842","4","Gabe","6","Stoute","24","gstoutend@thetimes.co.uk","5","China"
"3","843","6","Loella","9","Methingam","25","lmethingamne@cbslocal.com","22","British Virgin Islands"
"3","844","5","Audie","7","Stuckes","26","astuckesnf@hugedomains.com","12","South Africa"
"3","845","6","Shermy","5","Firpi","19","sfirping@dion.ne.jp","7","Ukraine"
"3","846","6","Vasili","5","Barff","21","vbarffnh@columbia.edu","7","Belarus"
"3","847","7","Katrina","7","Cundict","21","kcundictni@utexas.edu","8","Mongolia"
"3","848","6","Maisey","5","Barks","18","mbarksnj@blogs.com","6","Brazil"
"3","849","4","Mart","7","Whisson","15","mwhissonnk@t.co","5","Japan"
"3","850","8","Bancroft","8","Leverage","21","bleveragenl@baidu.com","5","China"
"3","851","5","Kaile","7","Loosley","18","kloosleynm@mac.com","11","Philippines"
"3","852","6","Sayers","6","Legier","17","slegiernn@unc.edu","9","Indonesia"
"3","853","5","Sully","5","Allin","17","sallinno@youtu.be","12","South Africa"
"3","854","5","Roger","10","Chaikovski","23","rchaikovskinp@google.it","6","Russia"
"3","855","5","Onfre","5","Getty","20","ogettynq@storify.com","6","Norway"
"3","856","6","Daniel","8","Cradduck","23","dcradducknr@godaddy.com","11","Philippines"
"3","857","4","Issy","9","Enocksson","23","ienockssonns@tripod.com","9","Indonesia"
"3","858","5","Randi","9","Gladtbach","23","rgladtbachnt@meetup.com","7","Burundi"
"3","859","5","Louis","7","Frigout","24","lfrigoutnu@bloglovin.com","9","Guatemala"
"3","860","7","Latrina","4","Jopp","20","ljoppnv@examiner.com","8","Malaysia"
"3","861","6","Wilmer","10","Somerfield","30","wsomerfieldnw@chronoengine.com","11","Philippines"
"3","862","4","Raye","7","Ireland","33","rirelandnx@networkadvertising.org","9","Indonesia"
"3","863","7","Baudoin","5","Suerz","18","bsuerzny@sogou.com","10","Costa Rica"
"3","864","9","Gavrielle","4","Wurz","19","gwurznz@arizona.edu","7","Nigeria"
"3","865","8","Grantley","5","Jewes","20","gjeweso0@alibaba.com","14","Czech Republic"
"3","866","6","Orazio","5","Novak","22","onovako1@imageshack.us","5","China"
"3","867","6","Catlin","10","Lubomirski","23","clubomirskio2@google.es","5","China"
"3","868","9","Cleopatra","7","Reynard","18","creynardo3@hud.gov","21","Palestinian Territory"
"3","869","7","Suzette","10","O'Hollegan","25","sohollegano4@cbslocal.com","5","Sudan"
"3","870","3","Gib","8","Castanos","20","gcastanoso5@uiuc.edu","6","France"
"3","871","6","Mickey","8","Conville","25","mconvilleo6@biglobe.ne.jp","6","Poland"
"3","872","7","Aurilia","4","Want","22","awanto7@washington.edu","5","China"
"3","873","6","Wright","6","Vibert","18","wviberto8@ucsd.edu","11","Philippines"
"3","874","7","Jacques","8","Maclaine","19","jmaclaineo9@msu.edu","5","China"
"3","875","4","Berk","6","Clavey","23","bclaveyoa@newyorker.com","5","China"
"3","876","6","Darren","7","Keggins","25","dkegginsob@friendfeed.com","5","China"
"3","877","4","Mort","7","Bozward","26","mbozwardoc@cyberchimps.com","7","Moldova"
"3","878","9","Milissent","5","Fealy","16","mfealyod@wsj.com","6","Sweden"
"3","879","5","Mirna","6","Harker","24","mharkeroe@technorati.com","5","China"
"3","880","5","Manny","8","Swainger","27","mswaingerof@fastcompany.com","8","Colombia"
"3","881","6","Kippar","11","Bricklebank","29","kbricklebankog@privacy.gov.au","6","Brazil"
"3","882","9","Ellswerth","11","O' Cuolahan","20","eocuolahanoh@fda.gov","8","Colombia"
"3","883","6","Verile","8","Hucquart","26","vhucquartoi@yellowbook.com","7","Hungary"
"3","884","5","Johan","7","Bushell","27","jbushelloj@wunderground.com","5","Aruba"
"3","885","3","Bil","4","Nott","22","bnottok@guardian.co.uk","11","Philippines"
"3","886","7","Karissa","7","Harland","18","kharlandol@mail.ru","11","Philippines"
"3","887","11","Alejandrina","7","Pennino","22","apenninoom@tinypic.com","6","Canada"
"3","888","5","Moina","8","Spillman","22","mspillmanon@tripod.com","9","Indonesia"
"3","889","6","Celine","8","Wraighte","19","cwraighteoo@ask.com","7","Ukraine"
"3","890","7","Cherlyn","7","Gligori","23","cgligoriop@hatena.ne.jp","8","Portugal"
"3","891","5","Aline","5","Yardy","19","ayardyoq@dyndns.org","5","China"
"3","892","4","Fons","8","Mainston","24","fmainstonor@geocities.jp","8","Thailand"
"3","893","3","Bay","6","Huggen","22","bhuggenos@google.co.uk","6","Greece"
"3","894","6","Delora","4","Dell","18","ddellot@uol.com.br","13","United States"
"3","895","8","Bartlett","10","Rosenblatt","23","brosenblattou@patch.com","6","Latvia"
"3","896","7","Karlens","6","Bateup","20","kbateupov@discuz.net","5","China"
"3","897","6","Verina","7","Maccari","26","vmaccariow@list-manage.com","7","Vietnam"
"3","898","7","Karissa","4","Leed","26","kleedox@barnesandnoble.com","6","Panama"
"3","899","8","Patricio","7","Bigmore","21","pbigmoreoy@usnews.com","8","Portugal"
"3","900","6","Rianon","7","Sysland","28","rsyslandoz@blogtalkradio.com","6","Norway"
"3","901","5","Diane","10","De Miranda","24","ddemirandap0@mozilla.org","5","China"
"3","902","6","Alexis","6","Brient","19","abrientp1@adobe.com","4","Peru"
"3","903","5","Henri","6","Delany","23","hdelanyp2@wikimedia.org","6","Russia"
"3","904","4","Iago","8","Hampshaw","27","ihampshawp3@istockphoto.com","9","Indonesia"
"3","905","6","Georgy","5","Borge","28","gborgep4@creativecommons.org","6","Brazil"
"3","906","5","Genni","6","Atrill","17","gatrillp5@soup.io","5","Japan"
"3","907","5","Casar","7","McElree","20","cmcelreep6@goo.ne.jp","5","China"
"3","908","8","Rozamond","11","Cadwallader","24","rcadwalladerp7@google.ru","5","China"
"3","909","7","Mahmoud","6","Savins","16","msavinsp8@nhs.uk","9","Macedonia"
"3","910","3","Che","6","McNeil","20","cmcneilp9@sbwire.com","13","United States"
"3","911","5","Nefen","6","Vignal","17","nvignalpa@soup.io","5","Japan"
"3","912","11","Christopher","7","Colbeck","20","ccolbeckpb@wikia.com","5","China"
"3","913","5","Kaine","7","Leupold","20","kleupoldpc@upenn.edu","6","Russia"
"3","914","7","Kalindi","6","Bryant","20","kbryantpd@google.com","14","Czech Republic"
"3","915","8","Tiphanie","10","Bockmaster","25","tbockmasterpe@comsenz.com","5","Yemen"
"3","916","8","Maurizia","11","Mereweather","25","mmereweatherpf@reddit.com","8","Portugal"
"3","917","9","Stephanie","7","Ambrosi","21","sambrosipg@sbwire.com","6","France"
"3","918","8","Waldemar","4","Yair","17","wyairph@lycos.com","6","Sweden"
"3","919","8","Dulcinea","7","Oselton","24","doseltonpi@goodreads.com","7","Tunisia"
"3","920","5","Elena","8","Bernardi","20","ebernardipj@gmpg.org","9","Indonesia"
"3","921","5","Lanna","5","Loxly","16","lloxlypk@ftc.gov","9","Indonesia"
"3","922","6","Foster","6","Randle","25","frandlepl@theguardian.com","5","Japan"
"3","923","6","Goldie","8","Capponer","21","gcapponerpm@goo.ne.jp","9","Indonesia"
"3","924","5","Stefa","6","Ianson","25","siansonpn@marketwatch.com","9","Indonesia"
"3","925","4","Devy","6","Hindge","20","dhindgepo@reddit.com","6","Brazil"
"3","926","6","Minnie","9","Claremont","26","mclaremontpp@over-blog.com","8","Bulgaria"
"3","927","7","Annette","4","Azam","15","aazampq@ucoz.ru","21","Palestinian Territory"
"3","928","5","Celia","5","Corke","21","ccorkepr@e-recht24.de","5","China"
"3","929","11","Cairistiona","7","Cuseick","24","ccuseickps@tuttocitta.it","9","Indonesia"
"3","930","6","Armand","7","Androli","23","aandrolipt@netvibes.com","8","Portugal"
"3","931","6","Nevins","5","Tisor","18","ntisorpu@google.ca","11","Philippines"
"3","932","6","Jammal","9","Bortolini","24","jbortolinipv@alibaba.com","5","China"
"3","933","7","Sadella","6","Readie","26","sreadiepw@domainmarket.com","5","China"
"3","934","5","Lorry","8","Godthaab","31","lgodthaabpx@creativecommons.org","22","Bosnia and Herzegovina"
"3","935","5","Randy","8","Dumblton","21","rdumbltonpy@adobe.com","6","Mexico"
"3","936","5","Ulric","7","Waddell","24","uwaddellpz@google.com.br","7","Ireland"
"3","937","7","Etienne","9","Riccioppo","24","ericcioppoq0@typepad.com","5","China"
"3","938","5","Daria","8","Paradise","24","dparadiseq1@gravatar.com","7","Hungary"
"3","939","8","Marieann","9","Braferton","23","mbrafertonq2@abc.net.au","9","Lithuania"
"3","940","8","Hilliary","9","Adamovsky","28","hadamovskyq3@statcounter.com","6","Russia"
"3","941","9","Dominique","8","Ligerton","23","dligertonq4@harvard.edu","9","Indonesia"
"3","942","10","Wilhelmina","7","Ribbens","17","wribbensq5@ca.gov","6","Poland"
"3","943","7","Vasilis","7","Krystof","20","vkrystofq6@google.it","6","France"
"3","944","5","Bobbe","8","Simpkiss","26","bsimpkissq7@slideshare.net","6","Russia"
"3","945","6","Benjie","7","Chelsom","21","bchelsomq8@jalbum.net","7","Ukraine"
"3","946","5","Urban","9","Chantrell","25","uchantrellq9@vkontakte.ru","9","Indonesia"
"3","947","7","Mahalia","6","Kynson","17","mkynsonqa@msn.com","6","Canada"
"3","948","5","Ryley","6","Search","17","rsearchqb@mapy.cz","6","Gambia"
"3","949","4","Phip","11","Steuhlmeyer","24","psteuhlmeyerqc@prweb.com","14","Czech Republic"
"3","950","8","Claiborn","5","Pease","17","cpeaseqd@blog.com","7","Ireland"
"3","951","3","Ade","8","Grigorey","24","agrigoreyqe@gravatar.com","5","Japan"
"3","952","7","Cynthie","5","Duffy","15","cduffyqf@ca.gov","11","Netherlands"
"3","953","4","Doti","9","Wrathmell","22","dwrathmellqg@opera.com","6","Russia"
"3","954","7","Jamison","4","Ruby","19","jrubyqh@oaic.gov.au","8","Mongolia"
"3","955","4","Oran","6","Biglin","17","obiglinqi@epa.gov","4","Iran"
"3","956","3","Art","9","Yitzowitz","20","ayitzowitzqj@fda.gov","8","Malaysia"
"3","957","7","Emogene","10","MacGaughie","33","emacgaughieqk@creativecommons.org","6","Brazil"
"3","958","5","Baird","10","Novichenko","24","bnovichenkoql@disqus.com","11","Philippines"
"3","959","7","Laraine","6","Asplen","22","lasplenqm@so-net.ne.jp","9","Argentina"
"3","960","6","Blanch","8","Deverell","18","bdeverellqn@hp.com","6","Brazil"
"3","961","6","Konrad","7","Krienke","22","kkrienkeqo@plala.or.jp","5","China"
"3","962","7","Conrado","6","Broxap","19","cbroxapqp@fotki.com","5","China"
"3","963","6","Rainer","6","Wroath","23","rwroathqq@goodreads.com","5","China"
"3","964","6","Waring","7","Fosdyke","18","wfosdykeqr@hhs.gov","8","Botswana"
"3","965","8","Herschel","9","MacGeaney","23","hmacgeaneyqs@eepurl.com","13","New Caledonia"
"3","966","6","Ruddie","4","Kydd","19","rkyddqt@plala.or.jp","7","Belarus"
"3","967","10","Christabel","9","Rubenovic","31","crubenovicqu@chicagotribune.com","11","Netherlands"
"3","968","3","Jae","11","Collingwood","26","jcollingwoodqv@samsung.com","11","Philippines"
"3","969","6","Ettore","7","Antczak","20","eantczakqw@skype.com","6","Russia"
"3","970","6","Ulrike","9","Kimbrough","30","ukimbroughqx@ezinearticles.com","5","China"
"3","971","6","Putnam","8","Bellenie","22","pbellenieqy@rediff.com","7","Myanmar"
"3","972","7","Wendall","9","Kennifeck","20","wkennifeckqz@ovh.net","9","Indonesia"
"3","973","7","Cosette","10","Jouhandeau","29","cjouhandeaur0@theguardian.com","7","Germany"
"3","974","5","Carce","5","Baude","18","cbauder1@bbc.co.uk","14","Czech Republic"
"3","975","7","Wayland","8","Jodrelle","22","wjodreller2@taobao.com","6","Sweden"
"3","976","6","Alexis","4","Ives","22","aivesr3@yellowbook.com","5","Benin"
"3","977","6","Layton","11","Mothersdale","29","lmothersdaler4@mayoclinic.com","6","Mexico"
"3","978","7","Bendite","7","Jerrand","18","bjerrandr5@aol.com","13","United States"
"3","979","5","Kippy","7","Goodley","19","kgoodleyr6@ning.com","12","South Africa"
"3","980","6","Denice","7","Wilfing","25","dwilfingr7@shareasale.com","11","Philippines"
"3","981","7","Honoria","9","Iacobucci","22","hiacobuccir8@fotki.com","6","Poland"
"3","982","4","Sari","8","Brooking","19","sbrookingr9@nba.com","7","Nigeria"
"3","983","6","Meggie","9","Jovicevic","27","mjovicevicra@cloudflare.com","7","Tunisia"
"3","984","6","Harmon","5","Marre","17","hmarrerb@lulu.com","10","Mozambique"
"3","985","7","Fayette","8","Calderon","21","fcalderonrc@nymag.com","11","Ivory Coast"
"3","986","6","Jordan","5","Dacey","19","jdaceyrd@scribd.com","6","Russia"
"3","987","7","Jeremie","4","Byre","16","jbyrere@usgs.gov","9","Indonesia"
"3","988","8","Nathalia","9","Mc Curlye","20","nmccurlyerf@fema.gov","11","Philippines"
"3","989","9","Shandeigh","8","Conlaund","28","sconlaundrg@reverbnation.com","11","Ivory Coast"
"3","990","9","Hollyanne","5","Click","22","hclickrh@indiegogo.com","11","Philippines"
"3","991","4","Dari","5","Jevon","21","djevonri@vkontakte.ru","9","Indonesia"
"3","992","5","Timmy","8","Babalola","18","tbabalolarj@hp.com","5","China"
"3","993","4","Odey","6","Looker","19","olookerrk@blogs.com","5","China"
"3","994","4","Inna","7","Cutriss","23","icutrissrl@mapquest.com","14","Czech Republic"
"3","995","6","Cammie","6","Nursey","25","cnurseyrm@bizjournals.com","5","Libya"
"3","996","5","Waite","9","Collecott","27","wcollecottrn@slideshare.net","7","Ireland"
"3","997","5","Lydon","8","Seakings","18","lseakingsro@un.org","7","Finland"
"3","998","7","Daniela","5","Cluer","18","dcluerrp@sogou.com","6","Russia"
"3","999","4","Addy","5","Nanni","28","anannirq@constantcontact.com","9","Indonesia"
"4","1000","6","Camile","6","Gayter","25","cgayterrr@istockphoto.com","11","Philippines"
"3","565","6","Jasmin","8","Grancher","23","jgrancherfo@mozilla.com","5","China"
"3","566","6","Helena","7","Porcher","21","hporcherfp@toplist.cz","5","China"
"3","567","3","Rik","7","Mapples","24","rmapplesfq@delicious.com","6","Serbia"
"3","568","5","Emmey","8","Swendell","22","eswendellfr@ustream.tv","7","Namibia"
"3","569","7","Nerissa","8","Simonett","19","nsimonettfs@loc.gov","5","China"
"3","570","8","Valentin","4","Back","18","vbackft@joomla.org","12","South Africa"
"3","571","5","Willy","10","Gheerhaert","23","wgheerhaertfu@phpbb.com","5","China"
"3","572","4","Glyn","5","Keepe","16","gkeepefv@ihg.com","9","Indonesia"
"3","573","5","Dixie","4","Luke","23","dlukefw@paginegialle.it","5","China"
"3","574","5","Euell","8","Matthaus","31","ematthausfx@constantcontact.com","6","Poland"
"3","575","9","Sheffield","8","Djurevic","27","sdjurevicfy@marketwatch.com","6","Brazil"
"3","576","6","D'arcy","12","Stollenwerck","27","dstollenwerckfz@typepad.com","5","Yemen"
"3","577","8","Jeniffer","4","Syms","18","jsymsg0@devhub.com","6","Russia"
"3","578","6","Esther","7","Dubique","19","edubiqueg1@ucla.edu","9","Indonesia"
"3","579","6","Sholom","8","Damarell","27","sdamarellg2@statcounter.com","4","Peru"
"3","580","6","Tabbie","7","Simpson","18","tsimpsong3@ftc.gov","5","Syria"
"3","581","6","Charin","9","Swetenham","24","cswetenhamg4@alibaba.com","5","China"
"3","582","4","Barb","7","Camacho","22","bcamachog5@dropbox.com","5","China"
"3","583","6","Yettie","4","Roll","22","yrollg6@mayoclinic.com","5","China"
"3","584","7","Merissa","6","Chicco","28","mchiccog7@barnesandnoble.com","11","Netherlands"
"3","585","5","Essie","9","Childrens","24","echildrensg8@godaddy.com","6","Russia"
"3","586","6","Oralla","7","Bleasby","25","obleasbyg9@altervista.org","5","Syria"
"3","587","7","Gregory","10","Vasyukhnov","27","gvasyukhnovga@princeton.edu","8","Paraguay"
"3","588","8","Vivianne","4","Fust","21","vfustgb@rakuten.co.jp","6","Russia"
"3","589","6","Paddie","9","Carragher","26","pcarraghergc@sitemeter.com","6","Poland"
"3","590","5","Jeffy","6","Goslin","20","jgoslingd@zimbio.com","7","Albania"
"3","591","6","Marlee","10","Petroselli","24","mpetrosellige@sphinn.com","8","Thailand"
"3","592","6","Neddie","8","Caulcutt","19","ncaulcuttgf@epa.gov","6","France"
"3","593","10","Constantia","7","Taberer","21","ctaberergg@apache.org","7","Albania"
"3","594","6","Ursola","4","Ginn","16","uginngh@admin.ch","13","United States"
"3","595","6","Marney","5","Cottu","18","mcottugi@cam.ac.uk","13","New Caledonia"
"3","596","9","Alisander","10","Hammersley","27","ahammersleygj@instagram.com","8","Mongolia"
"3","597","7","Damaris","7","Straneo","26","dstraneogk@yellowpages.com","5","Sudan"
"3","598","6","Justus","5","Tiebe","22","jtiebegl@bloglovin.com","5","China"
"3","599","7","Rolando","10","McCullough","24","rmcculloughgm@forbes.com","6","France"
"3","600","6","Sascha","10","Fernihough","24","sfernihoughgn@apache.org","5","China"
"3","601","7","Gregoor","6","Sinson","23","gsinsongo@csmonitor.com","6","France"
"3","602","5","Shawn","7","Yitzhok","20","syitzhokgp@google.ca","6","Russia"
"3","603","5","Cathy","7","Blondel","18","cblondelgq@who.int","6","Sweden"
"3","604","7","Matilda","10","Strangeway","26","mstrangewaygr@netvibes.com","13","United States"
"3","605","6","Clemmy","11","Spain-Gower","21","cspaingowergs@mapy.cz","5","China"
"3","606","6","Dianne","5","Mayze","19","dmayzegt@sphinn.com","5","China"
"3","607","3","Ely","7","Fattore","19","efattoregu@sohu.com","9","Guatemala"
"3","608","10","Mariquilla","8","Daintree","27","mdaintreegv@livejournal.com","13","United States"
"3","609","8","Ninnetta","6","Ferreo","21","nferreogw@cbsnews.com","5","China"
"3","610","5","Edsel","6","German","28","egermangx@simplemachines.org","8","Honduras"
"3","611","6","Mahmud","7","Sullens","27","msullensgy@miitbeian.gov.cn","22","Bosnia and Herzegovina"
"3","612","9","Jefferson","6","Redier","18","jrediergz@java.com","4","Peru"
"3","613","5","Merle","5","Wheal","26","mwhealh0@sciencedirect.com","7","Vietnam"
"3","614","5","Gusty","7","Tarbard","25","gtarbardh1@mayoclinic.com","5","China"
"3","615","3","Lil","5","Dyett","22","ldyetth2@earthlink.net","13","United States"
"3","616","4","Alva","7","Clarkin","24","aclarkinh3@bloomberg.com","9","Indonesia"
"3","617","4","Trey","8","Burkwood","22","tburkwoodh4@spiegel.de","5","China"
"3","618","6","Currie","5","Cyson","15","ccysonh5@nhs.uk","4","Cuba"
"3","619","6","Charis","9","Oleszczak","22","coleszczakh6@amazon.de","9","Indonesia"
"3","620","5","Selle","7","Engeham","24","sengehamh7@canalblog.com","8","Slovenia"
"3","621","8","Crichton","8","Grayshan","25","cgrayshanh8@reference.com","6","Poland"
"3","622","7","Merilyn","6","Rowney","23","mROWneyh9@economist.com","5","China"
"3","623","5","Jeddy","7","Strathe","25","jstratheha@craigslist.org","7","Belarus"
"3","624","3","Ema","6","Bubeer","18","ebubeerhb@sohu.com","11","New Zealand"
"3","625","4","Lisa","9","McClymond","24","lmcclymondhc@samsung.com","9","Indonesia"
"3","626","6","Mariel","7","Mullard","25","mmullardhd@thetimes.co.uk","4","Peru"
"3","627","5","Adair","5","Gibby","18","agibbyhe@phpbb.com","9","Indonesia"
"3","628","7","Tiffany","6","Tuffin","23","ttuffinhf@parallels.com","5","China"
"3","629","4","Clem","7","Cockrem","18","ccockremhg@hud.gov","6","Russia"
"3","630","10","Enrichetta","6","Sancho","25","esanchohh@liveinternet.ru","6","Brazil"
"3","631","4","Leon","5","Wilds","24","lwildshi@theguardian.com","5","China"
"3","632","7","Erskine","5","Russe","17","erussehj@fema.gov","5","Syria"
"3","633","6","Stinky","7","Belhome","23","sbelhomehk@bluehost.com","5","Chile"
"3","634","6","Angelo","7","Samudio","22","asamudiohl@state.tx.us","8","Mongolia"
"3","635","6","Stanly","6","Mouatt","14","smouatthm@t.co","8","Mongolia"
"3","636","6","Traver","9","Gartshore","21","tgartshorehn@ning.com","8","Portugal"
"3","637","7","Idaline","8","Humphrys","25","ihumphrysho@bloglines.com","7","Finland"
"3","638","4","Mylo","7","Josephy","27","mjosephyhp@reverbnation.com","14","Czech Republic"
"3","639","4","Kenn","10","Henriksson","26","khenrikssonhq@hatena.ne.jp","9","Indonesia"
"3","640","7","Avictor","8","Busfield","21","abusfieldhr@nymag.com","5","China"
"3","641","7","Maurine","12","de Glanville","23","mdeglanvillehs@jugem.jp","5","China"
"3","642","4","Oona","11","Tattersdill","26","otattersdillht@dropbox.com","6","Poland"
"3","643","8","Marianna","7","Espinas","25","mespinashu@macromedia.com","10","Luxembourg"
"3","644","5","Ruddy","6","Arnopp","17","rarnopphv@dot.gov","6","Russia"
"3","645","6","Vergil","6","Shanks","22","vshankshw@redcross.org","9","Indonesia"
"3","646","4","Peri","6","Rowley","19","pROWleyhx@salon.com","9","Argentina"
"3","647","5","Rosco","9","Liddicoat","19","rliddicoathy@pen.io","7","Estonia"
"3","648","8","Humphrey","8","Pentland","29","hpentlandhz@blogtalkradio.com","9","Argentina"
"3","649","6","Hilton","8","Da Costa","20","hdacostai0@ameblo.jp","9","Indonesia"
"3","650","7","Elenore","8","Brackley","19","ebrackleyi1@irs.gov","9","Indonesia"
"3","651","6","Wendie","8","Najafian","22","wnajafiani2@abc.net.au","9","Indonesia"
"3","652","5","Ronny","7","Gremane","23","rgremanei3@examiner.com","9","Indonesia"
"3","653","7","Cynthia","5","Heims","16","cheimsi4@icio.us","5","China"
"3","654","4","Cher","5","Malyj","19","cmalyji5@flavors.me","5","China"
"3","655","6","Worthy","6","Goalby","19","wgoalbyi6@youku.com","7","Morocco"
"3","656","7","Klemens","10","Czajkowska","21","kczajkowskai7@gnu.org","7","Hungary"
"3","657","7","Hercule","4","Swan","19","hswani8@example.com","5","China"
"3","658","10","Mariquilla","9","Rosenfelt","23","mrosenfelti9@sphinn.com","9","Indonesia"
"3","659","6","Wandie","4","Asch","20","waschia@redcross.org","10","Kazakhstan"
"3","660","6","Pancho","8","Bavister","21","pbavisterib@hc360.com","6","Brazil"
"3","661","4","Nobe","4","Beau","18","nbeauic@jalbum.net","5","China"
"3","662","5","Cosmo","6","Corbet","26","ccorbetid@chronoengine.com","14","Czech Republic"
"3","663","6","Haskel","10","Josefowicz","23","hjosefowiczie@state.gov","9","Argentina"
"3","664","3","Pat","7","Sharple","19","psharpleif@gmpg.org","13","United States"
"3","665","6","Brocky","6","Killen","19","bkillenig@issuu.com","5","China"
"3","666","9","Zacharias","11","Strawbridge","24","zstrawbridgeih@house.gov","7","Moldova"
"3","667","7","Desiree","7","Scoates","20","dscoatesii@issuu.com","11","Philippines"
"3","668","2","Cy","9","Reppaport","25","creppaportij@netvibes.com","11","Philippines"
"3","669","5","Donal","7","Lanston","26","dlanstonik@photobucket.com","14","Czech Republic"
"3","670","7","Stanton","7","Sissens","17","ssissensil@un.org","10","Micronesia"
"3","671","3","Fae","6","Bernet","21","fbernetim@harvard.edu","7","Finland"
"3","672","9","Guenevere","9","Hansemann","26","ghansemannin@economist.com","4","Peru"
"3","673","9","Claudelle","7","Langfat","21","clangfatio@unicef.org","11","Philippines"
"3","674","4","Leon","8","Braysher","19","lbraysherip@mlb.com","7","Vietnam"
"3","675","6","Basile","5","Saban","15","bsabaniq@w3.org","5","China"
"3","676","6","Jessee","9","McTeggart","29","jmcteggartir@businessweek.com","6","Poland"
